id,season,city,date,team1,team2,toss_winner,toss_decision,winner,win_by_runs,win_by_wickets
1,2017,Hyderabad,2017-04-05,Sunrisers Hyderabad,Royal Challengers Bangalore,Royal Challengers Bangalore,field,Sunrisers Hyderabad,35,0
2,2017,Pune,2017-04-06,Mumbai Indians,Rising Pune Supergiant,Rising Pune Supergiant,field,Rising Pune Supergiant,0,7
3,2017,Rajkot,2017-04-07,Gujarat Lions,Kolkata Knight Riders,Kolkata Knight Riders,field,Kolkata Knight Riders,0,10
4,2017,Indore,2017-04-08,Rising Pune Supergiant,Kings XI Punjab,Kings XI Punjab,field,Kings XI Punjab,0,6
5,2017,Bangalore,2017-04-08,Royal Challengers Bangalore,Delhi Daredevils,Royal Challengers Bangalore,bat,Royal Challengers Bangalore,15,0
6,2017,Hyderabad,2017-04-09,Gujarat Lions,Sunrisers Hyderabad,Sunrisers Hyderabad,field,Sunrisers Hyderabad,0,9
7,2017,Mumbai,2017-04-09,Kolkata Knight Riders,Mumbai Indians,Mumbai Indians,field,Mumbai Indians,0,4
8,2017,Indore,2017-04-10,Royal Challengers Bangalore,Kings XI Punjab,Royal Challengers Bangalore,bat,Kings XI Punjab,0,8
9,2017,Pune,2017-04-11,Delhi Daredevils,Rising Pune Supergiant,Rising Pune Supergiant,field,Delhi Daredevils,97,0
10,2017,Mumbai,2017-04-12,Sunrisers Hyderabad,Mumbai Indians,Mumbai Indians,field,Mumbai Indians,0,4
11,2017,Kolkata,2017-04-13,Kings XI Punjab,Kolkata Knight Riders,Kolkata Knight Riders,field,Kolkata Knight Riders,0,8
12,2017,Bangalore,2017-04-14,Royal Challengers Bangalore,Mumbai Indians,Mumbai Indians,field,Mumbai Indians,0,4
13,2017,Rajkot,2017-04-14,Rising Pune Supergiant,Gujarat Lions,Gujarat Lions,field,Gujarat Lions,0,7
14,2017,Kolkata,2017-04-15,Kolkata Knight Riders,Sunrisers Hyderabad,Sunrisers Hyderabad,field,Kolkata Knight Riders,17,0
15,2017,Delhi,2017-04-15,Delhi Daredevils,Kings XI Punjab,Delhi Daredevils,bat,Delhi Daredevils,51,0
16,2017,Mumbai,2017-04-16,Gujarat Lions,Mumbai Indians,Mumbai Indians,field,Mumbai Indians,0,6
17,2017,Bangalore,2017-04-16,Rising Pune Supergiant,Royal Challengers Bangalore,Royal Challengers Bangalore,field,Rising Pune Supergiant,27,0
18,2017,Delhi,2017-04-17,Delhi Daredevils,Kolkata Knight Riders,Delhi Daredevils,bat,Kolkata Knight Riders,0,4
19,2017,Hyderabad,2017-04-17,Sunrisers Hyderabad,Kings XI Punjab,Kings XI Punjab,field,Sunrisers Hyderabad,5,0
20,2017,Rajkot,2017-04-18,Royal Challengers Bangalore,Gujarat Lions,Gujarat Lions,field,Royal Challengers Bangalore,21,0
21,2017,Hyderabad,2017-04-19,Sunrisers Hyderabad,Delhi Daredevils,Sunrisers Hyderabad,bat,Sunrisers Hyderabad,15,0
22,2017,Indore,2017-04-20,Kings XI Punjab,Mumbai Indians,Mumbai Indians,field,Mumbai Indians,0,8
23,2017,Kolkata,2017-04-21,Kolkata Knight Riders,Gujarat Lions,Gujarat Lions,field,Gujarat Lions,0,4
24,2017,Mumbai,2017-04-22,Mumbai Indians,Delhi Daredevils,Delhi Daredevils,field,Mumbai Indians,14,0
25,2017,Pune,2017-04-22,Sunrisers Hyderabad,Rising Pune Supergiant,Rising Pune Supergiant,field,Rising Pune Supergiant,0,6
26,2017,Rajkot,2017-04-23,Kings XI Punjab,Gujarat Lions,Gujarat Lions,field,Kings XI Punjab,26,0
27,2017,Kolkata,2017-04-23,Kolkata Knight Riders,Royal Challengers Bangalore,Royal Challengers Bangalore,field,Kolkata Knight Riders,82,0
28,2017,Mumbai,2017-04-24,Rising Pune Supergiant,Mumbai Indians,Mumbai Indians,field,Rising Pune Supergiant,3,0
29,2017,Pune,2017-04-26,Rising Pune Supergiant,Kolkata Knight Riders,Kolkata Knight Riders,field,Kolkata Knight Riders,0,7
30,2017,Bangalore,2017-04-27,Royal Challengers Bangalore,Gujarat Lions,Gujarat Lions,field,Gujarat Lions,0,7
31,2017,Kolkata,2017-04-28,Delhi Daredevils,Kolkata Knight Riders,Kolkata Knight Riders,field,Kolkata Knight Riders,0,7
32,2017,Chandigarh,2017-04-28,Sunrisers Hyderabad,Kings XI Punjab,Kings XI Punjab,field,Sunrisers Hyderabad,26,0
33,2017,Pune,2017-04-29,Rising Pune Supergiant,Royal Challengers Bangalore,Royal Challengers Bangalore,field,Rising Pune Supergiant,61,0
34,2017,Rajkot,2017-04-29,Gujarat Lions,Mumbai Indians,Gujarat Lions,bat,Mumbai Indians,0,0
35,2017,Chandigarh,2017-04-30,Delhi Daredevils,Kings XI Punjab,Kings XI Punjab,field,Kings XI Punjab,0,10
36,2017,Hyderabad,2017-04-30,Sunrisers Hyderabad,Kolkata Knight Riders,Kolkata Knight Riders,field,Sunrisers Hyderabad,48,0
37,2017,Mumbai,2017-05-01,Royal Challengers Bangalore,Mumbai Indians,Royal Challengers Bangalore,bat,Mumbai Indians,0,5
38,2017,Pune,2017-05-01,Gujarat Lions,Rising Pune Supergiant,Rising Pune Supergiant,field,Rising Pune Supergiant,0,5
39,2017,Delhi,2017-05-02,Sunrisers Hyderabad,Delhi Daredevils,Delhi Daredevils,field,Delhi Daredevils,0,6
40,2017,Kolkata,2017-05-03,Kolkata Knight Riders,Rising Pune Supergiant,Rising Pune Supergiant,field,Rising Pune Supergiant,0,4
41,2017,Delhi,2017-05-04,Gujarat Lions,Delhi Daredevils,Delhi Daredevils,field,Delhi Daredevils,0,7
42,2017,Bangalore,2017-05-05,Kings XI Punjab,Royal Challengers Bangalore,Royal Challengers Bangalore,field,Kings XI Punjab,19,0
43,2017,Hyderabad,2017-05-06,Rising Pune Supergiant,Sunrisers Hyderabad,Sunrisers Hyderabad,field,Rising Pune Supergiant,12,0
44,2017,Delhi,2017-05-06,Mumbai Indians,Delhi Daredevils,Delhi Daredevils,field,Mumbai Indians,146,0
45,2017,Bangalore,2017-05-07,Royal Challengers Bangalore,Kolkata Knight Riders,Kolkata Knight Riders,field,Kolkata Knight Riders,0,6
46,2017,Chandigarh,2017-05-07,Kings XI Punjab,Gujarat Lions,Gujarat Lions,field,Gujarat Lions,0,6
47,2017,Hyderabad,2017-05-08,Mumbai Indians,Sunrisers Hyderabad,Mumbai Indians,bat,Sunrisers Hyderabad,0,7
48,2017,Chandigarh,2017-05-09,Kings XI Punjab,Kolkata Knight Riders,Kolkata Knight Riders,field,Kings XI Punjab,14,0
49,2017,Kanpur,2017-05-10,Gujarat Lions,Delhi Daredevils,Delhi Daredevils,field,Delhi Daredevils,0,2
50,2017,Mumbai,2017-05-11,Kings XI Punjab,Mumbai Indians,Mumbai Indians,field,Kings XI Punjab,7,0
51,2017,Delhi,2017-05-12,Delhi Daredevils,Rising Pune Supergiant,Delhi Daredevils,bat,Delhi Daredevils,7,0
52,2017,Kanpur,2017-05-13,Gujarat Lions,Sunrisers Hyderabad,Sunrisers Hyderabad,field,Sunrisers Hyderabad,0,8
53,2017,Kolkata,2017-05-13,Mumbai Indians,Kolkata Knight Riders,Kolkata Knight Riders,field,Mumbai Indians,9,0
54,2017,Pune,2017-05-14,Kings XI Punjab,Rising Pune Supergiant,Rising Pune Supergiant,field,Rising Pune Supergiant,0,9
55,2017,Delhi,2017-05-14,Royal Challengers Bangalore,Delhi Daredevils,Royal Challengers Bangalore,bat,Royal Challengers Bangalore,10,0
56,2017,Mumbai,2017-05-16,Rising Pune Supergiant,Mumbai Indians,Mumbai Indians,field,Rising Pune Supergiant,20,0
57,2017,Bangalore,2017-05-17,Sunrisers Hyderabad,Kolkata Knight Riders,Kolkata Knight Riders,field,Kolkata Knight Riders,0,7
58,2017,Bangalore,2017-05-19,Kolkata Knight Riders,Mumbai Indians,Mumbai Indians,field,Mumbai Indians,0,6
59,2017,Hyderabad,2017-05-21,Mumbai Indians,Rising Pune Supergiant,Mumbai Indians,bat,Mumbai Indians,1,0
60,2008,Bangalore,2008-04-18,Kolkata Knight Riders,Royal Challengers Bangalore,Royal Challengers Bangalore,field,Kolkata Knight Riders,140,0
61,2008,Chandigarh,2008-04-19,Chennai Super Kings,Kings XI Punjab,Chennai Super Kings,bat,Chennai Super Kings,33,0
62,2008,Delhi,2008-04-19,Rajasthan Royals,Delhi Daredevils,Rajasthan Royals,bat,Delhi Daredevils,0,9
63,2008,Mumbai,2008-04-20,Mumbai Indians,Royal Challengers Bangalore,Mumbai Indians,bat,Royal Challengers Bangalore,0,5
64,2008,Kolkata,2008-04-20,Deccan Chargers,Kolkata Knight Riders,Deccan Chargers,bat,Kolkata Knight Riders,0,5
65,2008,Jaipur,2008-04-21,Kings XI Punjab,Rajasthan Royals,Kings XI Punjab,bat,Rajasthan Royals,0,6
66,2008,Hyderabad,2008-04-22,Deccan Chargers,Delhi Daredevils,Deccan Chargers,bat,Delhi Daredevils,0,9
67,2008,Chennai,2008-04-23,Chennai Super Kings,Mumbai Indians,Mumbai Indians,field,Chennai Super Kings,6,0
68,2008,Hyderabad,2008-04-24,Deccan Chargers,Rajasthan Royals,Rajasthan Royals,field,Rajasthan Royals,0,3
69,2008,Chandigarh,2008-04-25,Kings XI Punjab,Mumbai Indians,Mumbai Indians,field,Kings XI Punjab,66,0
70,2008,Bangalore,2008-04-26,Royal Challengers Bangalore,Rajasthan Royals,Rajasthan Royals,field,Rajasthan Royals,0,7
71,2008,Chennai,2008-04-26,Kolkata Knight Riders,Chennai Super Kings,Kolkata Knight Riders,bat,Chennai Super Kings,0,9
72,2008,Mumbai,2008-04-27,Mumbai Indians,Deccan Chargers,Deccan Chargers,field,Deccan Chargers,0,10
73,2008,Chandigarh,2008-04-27,Delhi Daredevils,Kings XI Punjab,Delhi Daredevils,bat,Kings XI Punjab,0,4
74,2008,Bangalore,2008-04-28,Chennai Super Kings,Royal Challengers Bangalore,Chennai Super Kings,bat,Chennai Super Kings,13,0
75,2008,Kolkata,2008-04-29,Kolkata Knight Riders,Mumbai Indians,Kolkata Knight Riders,bat,Mumbai Indians,0,7
76,2008,Delhi,2008-04-30,Delhi Daredevils,Royal Challengers Bangalore,Royal Challengers Bangalore,field,Delhi Daredevils,10,0
77,2008,Hyderabad,2008-05-01,Deccan Chargers,Kings XI Punjab,Kings XI Punjab,field,Kings XI Punjab,0,7
78,2008,Jaipur,2008-05-01,Rajasthan Royals,Kolkata Knight Riders,Rajasthan Royals,bat,Rajasthan Royals,45,0
79,2008,Chennai,2008-05-02,Chennai Super Kings,Delhi Daredevils,Chennai Super Kings,bat,Delhi Daredevils,0,8
80,2008,Hyderabad,2008-05-25,Deccan Chargers,Royal Challengers Bangalore,Deccan Chargers,bat,Royal Challengers Bangalore,0,5
81,2008,Chandigarh,2008-05-03,Kings XI Punjab,Kolkata Knight Riders,Kings XI Punjab,bat,Kings XI Punjab,9,0
82,2008,Mumbai,2008-05-04,Mumbai Indians,Delhi Daredevils,Delhi Daredevils,field,Mumbai Indians,29,0
83,2008,Jaipur,2008-05-04,Chennai Super Kings,Rajasthan Royals,Chennai Super Kings,bat,Rajasthan Royals,0,8
84,2008,Bangalore,2008-05-05,Royal Challengers Bangalore,Kings XI Punjab,Kings XI Punjab,field,Kings XI Punjab,0,6
85,2008,Chennai,2008-05-06,Chennai Super Kings,Deccan Chargers,Deccan Chargers,field,Deccan Chargers,0,7
86,2008,Mumbai,2008-05-07,Rajasthan Royals,Mumbai Indians,Mumbai Indians,field,Mumbai Indians,0,7
87,2008,Delhi,2008-05-08,Delhi Daredevils,Chennai Super Kings,Chennai Super Kings,field,Chennai Super Kings,0,4
88,2008,Kolkata,2008-05-08,Kolkata Knight Riders,Royal Challengers Bangalore,Kolkata Knight Riders,bat,Kolkata Knight Riders,5,0
89,2008,Jaipur,2008-05-09,Deccan Chargers,Rajasthan Royals,Rajasthan Royals,field,Rajasthan Royals,0,8
90,2008,Bangalore,2008-05-28,Royal Challengers Bangalore,Mumbai Indians,Mumbai Indians,field,Mumbai Indians,0,9
91,2008,Chennai,2008-05-10,Chennai Super Kings,Kings XI Punjab,Kings XI Punjab,field,Chennai Super Kings,18,0
92,2008,Hyderabad,2008-05-11,Kolkata Knight Riders,Deccan Chargers,Kolkata Knight Riders,bat,Kolkata Knight Riders,23,0
93,2008,Jaipur,2008-05-11,Delhi Daredevils,Rajasthan Royals,Rajasthan Royals,field,Rajasthan Royals,0,3
94,2008,Chandigarh,2008-05-12,Royal Challengers Bangalore,Kings XI Punjab,Royal Challengers Bangalore,bat,Kings XI Punjab,0,9
95,2008,Kolkata,2008-05-13,Kolkata Knight Riders,Delhi Daredevils,Kolkata Knight Riders,bat,Kolkata Knight Riders,23,0
96,2008,Mumbai,2008-05-14,Chennai Super Kings,Mumbai Indians,Mumbai Indians,field,Mumbai Indians,0,9
97,2008,Chandigarh,2008-05-28,Kings XI Punjab,Rajasthan Royals,Rajasthan Royals,field,Kings XI Punjab,41,0
98,2008,Delhi,2008-05-15,Delhi Daredevils,Deccan Chargers,Deccan Chargers,field,Delhi Daredevils,12,0
99,2008,Mumbai,2008-05-16,Kolkata Knight Riders,Mumbai Indians,Mumbai Indians,field,Mumbai Indians,0,8
100,2008,Delhi,2008-05-17,Delhi Daredevils,Kings XI Punjab,Delhi Daredevils,bat,Kings XI Punjab,6,0
101,2008,Jaipur,2008-05-17,Rajasthan Royals,Royal Challengers Bangalore,Royal Challengers Bangalore,field,Rajasthan Royals,65,0
102,2008,Hyderabad,2008-05-18,Mumbai Indians,Deccan Chargers,Deccan Chargers,field,Mumbai Indians,25,0
103,2008,Kolkata,2008-05-18,Kolkata Knight Riders,Chennai Super Kings,Kolkata Knight Riders,bat,Chennai Super Kings,3,0
104,2008,Bangalore,2008-05-19,Royal Challengers Bangalore,Delhi Daredevils,Delhi Daredevils,field,Delhi Daredevils,0,5
105,2008,Kolkata,2008-05-20,Kolkata Knight Riders,Rajasthan Royals,Rajasthan Royals,field,Rajasthan Royals,0,6
106,2008,Mumbai,2008-05-21,Kings XI Punjab,Mumbai Indians,Mumbai Indians,field,Kings XI Punjab,1,0
107,2008,Chennai,2008-05-21,Royal Challengers Bangalore,Chennai Super Kings,Royal Challengers Bangalore,bat,Royal Challengers Bangalore,14,0
108,2008,Chandigarh,2008-05-23,Deccan Chargers,Kings XI Punjab,Kings XI Punjab,field,Kings XI Punjab,0,6
109,2008,Delhi,2008-05-24,Mumbai Indians,Delhi Daredevils,Delhi Daredevils,field,Delhi Daredevils,0,5
110,2008,Chennai,2008-05-24,Rajasthan Royals,Chennai Super Kings,Rajasthan Royals,bat,Rajasthan Royals,10,0
111,2008,Bangalore,2008-05-03,Royal Challengers Bangalore,Deccan Chargers,Deccan Chargers,field,Royal Challengers Bangalore,3,0
112,2008,Kolkata,2008-05-25,Kings XI Punjab,Kolkata Knight Riders,Kings XI Punjab,bat,Kolkata Knight Riders,0,3
113,2008,Jaipur,2008-05-26,Mumbai Indians,Rajasthan Royals,Rajasthan Royals,field,Rajasthan Royals,0,5
114,2008,Hyderabad,2008-05-27,Deccan Chargers,Chennai Super Kings,Deccan Chargers,bat,Chennai Super Kings,0,7
115,2008,Mumbai,2008-05-30,Rajasthan Royals,Delhi Daredevils,Delhi Daredevils,field,Rajasthan Royals,105,0
116,2008,Mumbai,2008-05-31,Kings XI Punjab,Chennai Super Kings,Kings XI Punjab,bat,Chennai Super Kings,0,9
117,2008,Mumbai,2008-06-01,Chennai Super Kings,Rajasthan Royals,Rajasthan Royals,field,Rajasthan Royals,0,3
118,2009,Cape Town,2009-04-18,Mumbai Indians,Chennai Super Kings,Chennai Super Kings,field,Mumbai Indians,19,0
119,2009,Cape Town,2009-04-18,Royal Challengers Bangalore,Rajasthan Royals,Royal Challengers Bangalore,bat,Royal Challengers Bangalore,75,0
120,2009,Cape Town,2009-04-19,Kings XI Punjab,Delhi Daredevils,Delhi Daredevils,field,Delhi Daredevils,0,10
121,2009,Cape Town,2009-04-19,Kolkata Knight Riders,Deccan Chargers,Kolkata Knight Riders,bat,Deccan Chargers,0,8
122,2009,Port Elizabeth,2009-04-20,Chennai Super Kings,Royal Challengers Bangalore,Chennai Super Kings,bat,Chennai Super Kings,92,0
123,2009,Durban,2009-04-21,Kings XI Punjab,Kolkata Knight Riders,Kolkata Knight Riders,field,Kolkata Knight Riders,11,0
124,2009,Cape Town,2009-04-22,Deccan Chargers,Royal Challengers Bangalore,Deccan Chargers,bat,Deccan Chargers,24,0
125,2009,Durban,2009-04-23,Delhi Daredevils,Chennai Super Kings,Delhi Daredevils,bat,Delhi Daredevils,9,0
126,2009,Cape Town,2009-04-23,Rajasthan Royals,Kolkata Knight Riders,Kolkata Knight Riders,field,Rajasthan Royals,0,0
127,2009,Durban,2009-04-24,Royal Challengers Bangalore,Kings XI Punjab,Royal Challengers Bangalore,bat,Kings XI Punjab,0,7
128,2009,Durban,2009-04-25,Deccan Chargers,Mumbai Indians,Deccan Chargers,bat,Deccan Chargers,12,0
129,2009,Port Elizabeth,2009-04-26,Royal Challengers Bangalore,Delhi Daredevils,Royal Challengers Bangalore,bat,Delhi Daredevils,0,6
130,2009,Cape Town,2009-04-26,Kings XI Punjab,Rajasthan Royals,Kings XI Punjab,bat,Kings XI Punjab,27,0
131,2009,Durban,2009-04-27,Chennai Super Kings,Deccan Chargers,Deccan Chargers,field,Deccan Chargers,0,6
132,2009,Port Elizabeth,2009-04-27,Mumbai Indians,Kolkata Knight Riders,Mumbai Indians,bat,Mumbai Indians,92,0
133,2009,Centurion,2009-04-28,Delhi Daredevils,Rajasthan Royals,Delhi Daredevils,bat,Rajasthan Royals,0,5
134,2009,Durban,2009-04-29,Kolkata Knight Riders,Royal Challengers Bangalore,Kolkata Knight Riders,bat,Royal Challengers Bangalore,0,5
135,2009,Durban,2009-04-29,Kings XI Punjab,Mumbai Indians,Kings XI Punjab,bat,Kings XI Punjab,3,0
136,2009,Centurion,2009-04-30,Deccan Chargers,Delhi Daredevils,Delhi Daredevils,field,Delhi Daredevils,0,6
137,2009,Centurion,2009-04-30,Chennai Super Kings,Rajasthan Royals,Rajasthan Royals,field,Chennai Super Kings,38,0
138,2009,East London,2009-05-01,Mumbai Indians,Kolkata Knight Riders,Mumbai Indians,bat,Mumbai Indians,9,0
139,2009,Durban,2009-05-01,Royal Challengers Bangalore,Kings XI Punjab,Royal Challengers Bangalore,bat,Royal Challengers Bangalore,8,0
140,2009,Port Elizabeth,2009-05-02,Deccan Chargers,Rajasthan Royals,Deccan Chargers,bat,Rajasthan Royals,0,3
141,2009,Johannesburg,2009-05-02,Chennai Super Kings,Delhi Daredevils,Delhi Daredevils,field,Chennai Super Kings,18,0
142,2009,Port Elizabeth,2009-05-03,Kolkata Knight Riders,Kings XI Punjab,Kolkata Knight Riders,bat,Kings XI Punjab,0,6
143,2009,Johannesburg,2009-05-03,Mumbai Indians,Royal Challengers Bangalore,Mumbai Indians,bat,Royal Challengers Bangalore,0,9
144,2009,East London,2009-05-04,Chennai Super Kings,Deccan Chargers,Chennai Super Kings,bat,Chennai Super Kings,78,0
145,2009,Durban,2009-05-05,Rajasthan Royals,Kings XI Punjab,Kings XI Punjab,field,Rajasthan Royals,78,0
146,2009,Durban,2009-05-05,Kolkata Knight Riders,Delhi Daredevils,Kolkata Knight Riders,bat,Delhi Daredevils,0,9
147,2009,Centurion,2009-05-06,Deccan Chargers,Mumbai Indians,Deccan Chargers,bat,Deccan Chargers,19,0
148,2009,Centurion,2009-05-07,Royal Challengers Bangalore,Rajasthan Royals,Rajasthan Royals,field,Rajasthan Royals,0,7
149,2009,Centurion,2009-05-07,Chennai Super Kings,Kings XI Punjab,Chennai Super Kings,bat,Chennai Super Kings,12,0
150,2009,East London,2009-05-08,Mumbai Indians,Delhi Daredevils,Mumbai Indians,bat,Delhi Daredevils,0,7
151,2009,Kimberley,2009-05-09,Deccan Chargers,Kings XI Punjab,Kings XI Punjab,field,Kings XI Punjab,0,3
152,2009,Kimberley,2009-05-09,Rajasthan Royals,Chennai Super Kings,Rajasthan Royals,bat,Chennai Super Kings,0,7
153,2009,Port Elizabeth,2009-05-10,Mumbai Indians,Royal Challengers Bangalore,Mumbai Indians,bat,Mumbai Indians,16,0
154,2009,Johannesburg,2009-05-10,Kolkata Knight Riders,Delhi Daredevils,Delhi Daredevils,field,Delhi Daredevils,0,7
155,2009,Kimberley,2009-05-11,Deccan Chargers,Rajasthan Royals,Deccan Chargers,bat,Deccan Chargers,53,0
156,2009,Centurion,2009-05-12,Kolkata Knight Riders,Royal Challengers Bangalore,Royal Challengers Bangalore,field,Royal Challengers Bangalore,0,6
157,2009,Centurion,2009-05-12,Kings XI Punjab,Mumbai Indians,Kings XI Punjab,bat,Mumbai Indians,0,8
158,2009,Durban,2009-05-13,Delhi Daredevils,Deccan Chargers,Deccan Chargers,field,Delhi Daredevils,12,0
159,2009,Durban,2009-05-14,Chennai Super Kings,Royal Challengers Bangalore,Chennai Super Kings,bat,Royal Challengers Bangalore,0,2
160,2009,Durban,2009-05-14,Rajasthan Royals,Mumbai Indians,Rajasthan Royals,bat,Rajasthan Royals,2,0
161,2009,Bloemfontein,2009-05-15,Delhi Daredevils,Kings XI Punjab,Kings XI Punjab,field,Kings XI Punjab,0,6
162,2009,Port Elizabeth,2009-05-16,Mumbai Indians,Chennai Super Kings,Mumbai Indians,bat,Chennai Super Kings,0,7
163,2009,Johannesburg,2009-05-16,Kolkata Knight Riders,Deccan Chargers,Deccan Chargers,field,Deccan Chargers,0,6
164,2009,Johannesburg,2009-05-17,Kings XI Punjab,Deccan Chargers,Deccan Chargers,field,Kings XI Punjab,1,0
165,2009,Bloemfontein,2009-05-17,Delhi Daredevils,Rajasthan Royals,Delhi Daredevils,bat,Delhi Daredevils,14,0
166,2009,Centurion,2009-05-18,Chennai Super Kings,Kolkata Knight Riders,Chennai Super Kings,bat,Kolkata Knight Riders,0,7
167,2009,Johannesburg,2009-05-19,Delhi Daredevils,Royal Challengers Bangalore,Delhi Daredevils,bat,Royal Challengers Bangalore,0,7
168,2009,Durban,2009-05-20,Rajasthan Royals,Kolkata Knight Riders,Kolkata Knight Riders,field,Kolkata Knight Riders,0,4
169,2009,Durban,2009-05-20,Chennai Super Kings,Kings XI Punjab,Chennai Super Kings,bat,Chennai Super Kings,24,0
170,2009,Centurion,2009-05-21,Mumbai Indians,Delhi Daredevils,Delhi Daredevils,field,Delhi Daredevils,0,4
171,2009,Centurion,2009-05-21,Royal Challengers Bangalore,Deccan Chargers,Royal Challengers Bangalore,bat,Royal Challengers Bangalore,12,0
172,2009,Centurion,2009-05-22,Delhi Daredevils,Deccan Chargers,Deccan Chargers,field,Deccan Chargers,0,6
173,2009,Johannesburg,2009-05-23,Chennai Super Kings,Royal Challengers Bangalore,Royal Challengers Bangalore,field,Royal Challengers Bangalore,0,6
174,2009,Johannesburg,2009-05-24,Deccan Chargers,Royal Challengers Bangalore,Royal Challengers Bangalore,field,Deccan Chargers,6,0
175,2010,Mumbai,2010-03-12,Kolkata Knight Riders,Deccan Chargers,Deccan Chargers,field,Kolkata Knight Riders,11,0
176,2010,Mumbai,2010-03-13,Mumbai Indians,Rajasthan Royals,Mumbai Indians,bat,Mumbai Indians,4,0
177,2010,Chandigarh,2010-03-13,Kings XI Punjab,Delhi Daredevils,Delhi Daredevils,field,Delhi Daredevils,0,5
178,2010,Kolkata,2010-03-14,Royal Challengers Bangalore,Kolkata Knight Riders,Kolkata Knight Riders,field,Kolkata Knight Riders,0,7
179,2010,Chennai,2010-03-14,Deccan Chargers,Chennai Super Kings,Deccan Chargers,bat,Deccan Chargers,31,0
180,2010,Ahmedabad,2010-03-15,Rajasthan Royals,Delhi Daredevils,Delhi Daredevils,field,Delhi Daredevils,0,6
181,2010,Bangalore,2010-03-16,Kings XI Punjab,Royal Challengers Bangalore,Kings XI Punjab,bat,Royal Challengers Bangalore,0,8
182,2010,Kolkata,2010-03-16,Chennai Super Kings,Kolkata Knight Riders,Chennai Super Kings,bat,Chennai Super Kings,55,0
183,2010,Delhi,2010-03-17,Mumbai Indians,Delhi Daredevils,Delhi Daredevils,field,Mumbai Indians,98,0
184,2010,Bangalore,2010-03-18,Rajasthan Royals,Royal Challengers Bangalore,Royal Challengers Bangalore,field,Royal Challengers Bangalore,0,10
185,2010,Delhi,2010-03-19,Delhi Daredevils,Chennai Super Kings,Delhi Daredevils,bat,Chennai Super Kings,0,5
186,2010,Cuttack,2010-03-19,Deccan Chargers,Kings XI Punjab,Kings XI Punjab,field,Deccan Chargers,6,0
187,2010,Ahmedabad,2010-03-20,Rajasthan Royals,Kolkata Knight Riders,Rajasthan Royals,bat,Rajasthan Royals,34,0
188,2010,Mumbai,2010-03-20,Mumbai Indians,Royal Challengers Bangalore,Mumbai Indians,bat,Royal Challengers Bangalore,0,7
189,2010,Cuttack,2010-03-21,Deccan Chargers,Delhi Daredevils,Deccan Chargers,bat,Deccan Chargers,10,0
190,2010,Chennai,2010-03-21,Kings XI Punjab,Chennai Super Kings,Chennai Super Kings,field,Kings XI Punjab,0,0
191,2010,Mumbai,2010-03-22,Kolkata Knight Riders,Mumbai Indians,Kolkata Knight Riders,bat,Mumbai Indians,0,7
192,2010,Bangalore,2010-03-23,Royal Challengers Bangalore,Chennai Super Kings,Chennai Super Kings,field,Royal Challengers Bangalore,36,0
193,2010,Chandigarh,2010-03-24,Rajasthan Royals,Kings XI Punjab,Kings XI Punjab,field,Rajasthan Royals,31,0
194,2010,Mumbai,2010-03-25,Chennai Super Kings,Mumbai Indians,Mumbai Indians,field,Mumbai Indians,0,5
195,2010,Ahmedabad,2010-03-26,Deccan Chargers,Rajasthan Royals,Deccan Chargers,bat,Rajasthan Royals,0,8
196,2010,Chandigarh,2010-03-27,Kolkata Knight Riders,Kings XI Punjab,Kolkata Knight Riders,bat,Kolkata Knight Riders,39,0
197,2010,Bangalore,2010-03-25,Delhi Daredevils,Royal Challengers Bangalore,Royal Challengers Bangalore,field,Delhi Daredevils,17,0
198,2010,Ahmedabad,2010-03-28,Rajasthan Royals,Chennai Super Kings,Rajasthan Royals,bat,Rajasthan Royals,17,0
199,2010,Mumbai,2010-03-28,Mumbai Indians,Deccan Chargers,Deccan Chargers,field,Mumbai Indians,41,0
200,2010,Delhi,2010-03-29,Delhi Daredevils,Kolkata Knight Riders,Delhi Daredevils,bat,Delhi Daredevils,40,0
201,2010,Mumbai,2010-03-30,Kings XI Punjab,Mumbai Indians,Mumbai Indians,field,Mumbai Indians,0,4
202,2010,Chennai,2010-03-31,Royal Challengers Bangalore,Chennai Super Kings,Royal Challengers Bangalore,bat,Chennai Super Kings,0,5
203,2010,Delhi,2010-03-31,Delhi Daredevils,Rajasthan Royals,Delhi Daredevils,bat,Delhi Daredevils,67,0
204,2010,Kolkata,2010-04-01,Kolkata Knight Riders,Deccan Chargers,Kolkata Knight Riders,bat,Kolkata Knight Riders,24,0
205,2010,Chandigarh,2010-04-02,Kings XI Punjab,Royal Challengers Bangalore,Kings XI Punjab,bat,Royal Challengers Bangalore,0,6
206,2010,Chennai,2010-04-03,Chennai Super Kings,Rajasthan Royals,Chennai Super Kings,bat,Chennai Super Kings,23,0
207,2010,Mumbai,2010-04-03,Mumbai Indians,Deccan Chargers,Mumbai Indians,bat,Mumbai Indians,63,0
208,2010,Kolkata,2010-04-04,Kolkata Knight Riders,Kings XI Punjab,Kolkata Knight Riders,bat,Kings XI Punjab,0,8
209,2010,Delhi,2010-04-04,Delhi Daredevils,Royal Challengers Bangalore,Delhi Daredevils,bat,Delhi Daredevils,37,0
210,2010,Nagpur,2010-04-05,Rajasthan Royals,Deccan Chargers,Rajasthan Royals,bat,Rajasthan Royals,2,0
211,2010,Chennai,2010-04-06,Chennai Super Kings,Mumbai Indians,Chennai Super Kings,bat,Chennai Super Kings,24,0
212,2010,Jaipur,2010-04-07,Kings XI Punjab,Rajasthan Royals,Kings XI Punjab,bat,Rajasthan Royals,0,9
213,2010,Kolkata,2010-04-07,Kolkata Knight Riders,Delhi Daredevils,Kolkata Knight Riders,bat,Kolkata Knight Riders,14,0
214,2010,Bangalore,2010-04-08,Royal Challengers Bangalore,Deccan Chargers,Deccan Chargers,field,Deccan Chargers,0,7
215,2010,Chandigarh,2010-04-09,Mumbai Indians,Kings XI Punjab,Mumbai Indians,bat,Kings XI Punjab,0,6
216,2010,Nagpur,2010-04-10,Chennai Super Kings,Deccan Chargers,Chennai Super Kings,bat,Deccan Chargers,0,6
217,2010,Bangalore,2010-04-10,Kolkata Knight Riders,Royal Challengers Bangalore,Royal Challengers Bangalore,field,Royal Challengers Bangalore,0,7
218,2010,Delhi,2010-04-11,Delhi Daredevils,Kings XI Punjab,Delhi Daredevils,bat,Kings XI Punjab,0,7
219,2010,Jaipur,2010-04-11,Mumbai Indians,Rajasthan Royals,Rajasthan Royals,field,Mumbai Indians,37,0
220,2010,Nagpur,2010-04-12,Deccan Chargers,Royal Challengers Bangalore,Royal Challengers Bangalore,field,Deccan Chargers,13,0
221,2010,Mumbai,2010-04-13,Mumbai Indians,Delhi Daredevils,Mumbai Indians,bat,Mumbai Indians,39,0
222,2010,Chennai,2010-04-13,Kolkata Knight Riders,Chennai Super Kings,Kolkata Knight Riders,bat,Chennai Super Kings,0,9
223,2010,Jaipur,2010-04-14,Rajasthan Royals,Royal Challengers Bangalore,Rajasthan Royals,bat,Royal Challengers Bangalore,0,5
224,2010,Chennai,2010-04-15,Chennai Super Kings,Delhi Daredevils,Chennai Super Kings,bat,Delhi Daredevils,0,6
225,2010,Dharamsala,2010-04-16,Kings XI Punjab,Deccan Chargers,Deccan Chargers,field,Deccan Chargers,0,5
226,2010,Bangalore,2010-04-17,Mumbai Indians,Royal Challengers Bangalore,Royal Challengers Bangalore,field,Mumbai Indians,57,0
227,2010,Kolkata,2010-04-17,Rajasthan Royals,Kolkata Knight Riders,Rajasthan Royals,bat,Kolkata Knight Riders,0,8
228,2010,Dharamsala,2010-04-18,Kings XI Punjab,Chennai Super Kings,Chennai Super Kings,field,Chennai Super Kings,0,6
229,2010,Delhi,2010-04-18,Deccan Chargers,Delhi Daredevils,Deccan Chargers,bat,Deccan Chargers,11,0
230,2010,Kolkata,2010-04-19,Mumbai Indians,Kolkata Knight Riders,Mumbai Indians,bat,Kolkata Knight Riders,0,9
231,2010,Mumbai,2010-04-21,Mumbai Indians,Royal Challengers Bangalore,Mumbai Indians,bat,Mumbai Indians,35,0
232,2010,Mumbai,2010-04-22,Chennai Super Kings,Deccan Chargers,Chennai Super Kings,bat,Chennai Super Kings,38,0
233,2010,Mumbai,2010-04-24,Deccan Chargers,Royal Challengers Bangalore,Deccan Chargers,bat,Royal Challengers Bangalore,0,9
234,2010,Mumbai,2010-04-25,Chennai Super Kings,Mumbai Indians,Chennai Super Kings,bat,Chennai Super Kings,22,0
235,2011,Chennai,2011-04-08,Chennai Super Kings,Kolkata Knight Riders,Chennai Super Kings,bat,Chennai Super Kings,2,0
236,2011,Hyderabad,2011-04-09,Deccan Chargers,Rajasthan Royals,Rajasthan Royals,field,Rajasthan Royals,0,8
237,2011,Kochi,2011-04-09,Kochi Tuskers Kerala,Royal Challengers Bangalore,Kochi Tuskers Kerala,bat,Royal Challengers Bangalore,0,6
238,2011,Delhi,2011-04-10,Delhi Daredevils,Mumbai Indians,Delhi Daredevils,bat,Mumbai Indians,0,8
239,2011,Mumbai,2011-04-10,Kings XI Punjab,Pune Warriors,Kings XI Punjab,bat,Pune Warriors,0,7
240,2011,Kolkata,2011-04-11,Kolkata Knight Riders,Deccan Chargers,Kolkata Knight Riders,bat,Kolkata Knight Riders,9,0
241,2011,Jaipur,2011-04-12,Delhi Daredevils,Rajasthan Royals,Delhi Daredevils,bat,Rajasthan Royals,0,6
242,2011,Bangalore,2011-04-12,Royal Challengers Bangalore,Mumbai Indians,Mumbai Indians,field,Mumbai Indians,0,9
243,2011,Chandigarh,2011-04-13,Chennai Super Kings,Kings XI Punjab,Kings XI Punjab,field,Kings XI Punjab,0,6
244,2011,Mumbai,2011-04-13,Kochi Tuskers Kerala,Pune Warriors,Kochi Tuskers Kerala,bat,Pune Warriors,0,4
245,2011,Hyderabad,2011-04-14,Deccan Chargers,Royal Challengers Bangalore,Royal Challengers Bangalore,field,Deccan Chargers,33,0
246,2011,Jaipur,2011-04-15,Rajasthan Royals,Kolkata Knight Riders,Kolkata Knight Riders,field,Kolkata Knight Riders,0,9
247,2011,Mumbai,2011-04-15,Mumbai Indians,Kochi Tuskers Kerala,Kochi Tuskers Kerala,field,Kochi Tuskers Kerala,0,8
248,2011,Chennai,2011-04-16,Chennai Super Kings,Royal Challengers Bangalore,Chennai Super Kings,bat,Chennai Super Kings,21,0
249,2011,Hyderabad,2011-04-16,Deccan Chargers,Kings XI Punjab,Kings XI Punjab,field,Kings XI Punjab,0,8
250,2011,Mumbai,2011-04-17,Pune Warriors,Delhi Daredevils,Delhi Daredevils,field,Delhi Daredevils,0,3
251,2011,Kolkata,2011-04-17,Rajasthan Royals,Kolkata Knight Riders,Kolkata Knight Riders,field,Kolkata Knight Riders,0,8
252,2011,Kochi,2011-04-18,Chennai Super Kings,Kochi Tuskers Kerala,Kochi Tuskers Kerala,field,Kochi Tuskers Kerala,0,7
253,2011,Delhi,2011-04-19,Deccan Chargers,Delhi Daredevils,Deccan Chargers,bat,Deccan Chargers,16,0
254,2011,Mumbai,2011-04-20,Pune Warriors,Mumbai Indians,Pune Warriors,bat,Mumbai Indians,0,7
255,2011,Kolkata,2011-04-20,Kochi Tuskers Kerala,Kolkata Knight Riders,Kolkata Knight Riders,field,Kochi Tuskers Kerala,6,0
256,2011,Chandigarh,2011-04-21,Kings XI Punjab,Rajasthan Royals,Rajasthan Royals,field,Kings XI Punjab,48,0
257,2011,Mumbai,2011-04-22,Mumbai Indians,Chennai Super Kings,Chennai Super Kings,field,Mumbai Indians,8,0
258,2011,Kolkata,2011-04-22,Kolkata Knight Riders,Royal Challengers Bangalore,Royal Challengers Bangalore,field,Royal Challengers Bangalore,0,9
259,2011,Delhi,2011-04-23,Delhi Daredevils,Kings XI Punjab,Kings XI Punjab,field,Delhi Daredevils,29,0
260,2011,Hyderabad,2011-04-24,Mumbai Indians,Deccan Chargers,Deccan Chargers,field,Mumbai Indians,37,0
261,2011,Jaipur,2011-04-24,Kochi Tuskers Kerala,Rajasthan Royals,Rajasthan Royals,field,Rajasthan Royals,0,8
262,2011,Chennai,2011-04-25,Chennai Super Kings,Pune Warriors,Pune Warriors,field,Chennai Super Kings,25,0
263,2011,Delhi,2011-04-26,Delhi Daredevils,Royal Challengers Bangalore,Royal Challengers Bangalore,field,Royal Challengers Bangalore,0,3
264,2011,Mumbai,2011-04-27,Pune Warriors,Chennai Super Kings,Pune Warriors,bat,Chennai Super Kings,0,8
265,2011,Kochi,2011-04-27,Deccan Chargers,Kochi Tuskers Kerala,Kochi Tuskers Kerala,field,Deccan Chargers,55,0
266,2011,Delhi,2011-04-28,Kolkata Knight Riders,Delhi Daredevils,Delhi Daredevils,field,Kolkata Knight Riders,17,0
267,2011,Jaipur,2011-04-29,Mumbai Indians,Rajasthan Royals,Rajasthan Royals,field,Rajasthan Royals,0,7
268,2011,Bangalore,2011-04-29,Royal Challengers Bangalore,Pune Warriors,Pune Warriors,field,Royal Challengers Bangalore,26,0
269,2011,Kochi,2011-04-30,Delhi Daredevils,Kochi Tuskers Kerala,Delhi Daredevils,bat,Delhi Daredevils,38,0
270,2011,Kolkata,2011-04-30,Kings XI Punjab,Kolkata Knight Riders,Kolkata Knight Riders,field,Kolkata Knight Riders,0,8
271,2011,Jaipur,2011-05-01,Pune Warriors,Rajasthan Royals,Rajasthan Royals,field,Rajasthan Royals,0,6
272,2011,Chennai,2011-05-01,Chennai Super Kings,Deccan Chargers,Chennai Super Kings,bat,Chennai Super Kings,19,0
273,2011,Mumbai,2011-05-02,Mumbai Indians,Kings XI Punjab,Kings XI Punjab,field,Mumbai Indians,23,0
274,2011,Delhi,2011-05-02,Delhi Daredevils,Kochi Tuskers Kerala,Kochi Tuskers Kerala,field,Kochi Tuskers Kerala,0,7
275,2011,Hyderabad,2011-05-03,Kolkata Knight Riders,Deccan Chargers,Deccan Chargers,field,Kolkata Knight Riders,20,0
276,2011,Chennai,2011-05-04,Rajasthan Royals,Chennai Super Kings,Rajasthan Royals,bat,Chennai Super Kings,0,8
277,2011,Mumbai,2011-05-04,Mumbai Indians,Pune Warriors,Pune Warriors,field,Mumbai Indians,21,0
278,2011,Kochi,2011-05-05,Kochi Tuskers Kerala,Kolkata Knight Riders,Kolkata Knight Riders,field,Kochi Tuskers Kerala,17,0
279,2011,Hyderabad,2011-05-05,Deccan Chargers,Delhi Daredevils,Delhi Daredevils,field,Delhi Daredevils,0,4
280,2011,Bangalore,2011-05-06,Royal Challengers Bangalore,Kings XI Punjab,Kings XI Punjab,field,Royal Challengers Bangalore,85,0
281,2011,Kolkata,2011-05-07,Chennai Super Kings,Kolkata Knight Riders,Chennai Super Kings,bat,Kolkata Knight Riders,10,0
282,2011,Mumbai,2011-05-07,Mumbai Indians,Delhi Daredevils,Delhi Daredevils,field,Mumbai Indians,32,0
283,2011,Bangalore,2011-05-08,Kochi Tuskers Kerala,Royal Challengers Bangalore,Kochi Tuskers Kerala,bat,Royal Challengers Bangalore,0,9
284,2011,Chandigarh,2011-05-08,Kings XI Punjab,Pune Warriors,Kings XI Punjab,bat,Pune Warriors,0,5
285,2011,Jaipur,2011-05-09,Chennai Super Kings,Rajasthan Royals,Rajasthan Royals,field,Chennai Super Kings,63,0
286,2011,Hyderabad,2011-05-10,Deccan Chargers,Pune Warriors,Deccan Chargers,bat,Pune Warriors,0,6
287,2011,Chandigarh,2011-05-10,Kings XI Punjab,Mumbai Indians,Mumbai Indians,field,Kings XI Punjab,76,0
288,2011,Jaipur,2011-05-11,Rajasthan Royals,Royal Challengers Bangalore,Royal Challengers Bangalore,field,Royal Challengers Bangalore,0,9
289,2011,Chennai,2011-05-12,Chennai Super Kings,Delhi Daredevils,Chennai Super Kings,bat,Chennai Super Kings,18,0
290,2011,Indore,2011-05-13,Kochi Tuskers Kerala,Kings XI Punjab,Kings XI Punjab,field,Kings XI Punjab,0,6
291,2011,Bangalore,2011-05-14,Kolkata Knight Riders,Royal Challengers Bangalore,Royal Challengers Bangalore,field,Royal Challengers Bangalore,0,4
292,2011,Mumbai,2011-05-14,Deccan Chargers,Mumbai Indians,Deccan Chargers,bat,Deccan Chargers,10,0
293,2011,Dharamsala,2011-05-15,Kings XI Punjab,Delhi Daredevils,Delhi Daredevils,field,Kings XI Punjab,29,0
294,2011,Indore,2011-05-15,Rajasthan Royals,Kochi Tuskers Kerala,Kochi Tuskers Kerala,field,Kochi Tuskers Kerala,0,8
295,2011,Mumbai,2011-05-16,Pune Warriors,Deccan Chargers,Deccan Chargers,field,Deccan Chargers,0,6
296,2011,Dharamsala,2011-05-17,Kings XI Punjab,Royal Challengers Bangalore,Kings XI Punjab,bat,Kings XI Punjab,111,0
297,2011,Chennai,2011-05-18,Chennai Super Kings,Kochi Tuskers Kerala,Chennai Super Kings,bat,Chennai Super Kings,11,0
298,2011,Mumbai,2011-05-19,Pune Warriors,Kolkata Knight Riders,Kolkata Knight Riders,field,Kolkata Knight Riders,0,7
299,2011,Mumbai,2011-05-20,Mumbai Indians,Rajasthan Royals,Mumbai Indians,bat,Rajasthan Royals,0,10
300,2011,Dharamsala,2011-05-21,Deccan Chargers,Kings XI Punjab,Kings XI Punjab,field,Deccan Chargers,82,0
301,2011,Delhi,2011-05-21,Delhi Daredevils,Pune Warriors,Delhi Daredevils,bat,,0,0
302,2011,Bangalore,2011-05-22,Chennai Super Kings,Royal Challengers Bangalore,Royal Challengers Bangalore,field,Royal Challengers Bangalore,0,8
303,2011,Kolkata,2011-05-22,Kolkata Knight Riders,Mumbai Indians,Mumbai Indians,field,Mumbai Indians,0,5
304,2011,Mumbai,2011-05-24,Royal Challengers Bangalore,Chennai Super Kings,Chennai Super Kings,field,Chennai Super Kings,0,6
305,2011,Mumbai,2011-05-25,Kolkata Knight Riders,Mumbai Indians,Mumbai Indians,field,Mumbai Indians,0,4
306,2011,Chennai,2011-05-27,Royal Challengers Bangalore,Mumbai Indians,Mumbai Indians,field,Royal Challengers Bangalore,43,0
307,2011,Chennai,2011-05-28,Chennai Super Kings,Royal Challengers Bangalore,Chennai Super Kings,bat,Chennai Super Kings,58,0
308,2012,Chennai,2012-04-04,Chennai Super Kings,Mumbai Indians,Mumbai Indians,field,Mumbai Indians,0,8
309,2012,Kolkata,2012-04-05,Kolkata Knight Riders,Delhi Daredevils,Delhi Daredevils,field,Delhi Daredevils,0,8
310,2012,Mumbai,2012-04-06,Pune Warriors,Mumbai Indians,Mumbai Indians,field,Pune Warriors,28,0
311,2012,Jaipur,2012-04-06,Rajasthan Royals,Kings XI Punjab,Kings XI Punjab,field,Rajasthan Royals,31,0
312,2012,Bangalore,2012-04-07,Royal Challengers Bangalore,Delhi Daredevils,Delhi Daredevils,field,Royal Challengers Bangalore,20,0
313,2012,Visakhapatnam,2012-04-07,Chennai Super Kings,Deccan Chargers,Deccan Chargers,field,Chennai Super Kings,74,0
314,2012,Jaipur,2012-04-08,Rajasthan Royals,Kolkata Knight Riders,Kolkata Knight Riders,field,Rajasthan Royals,22,0
315,2012,Pune,2012-04-08,Pune Warriors,Kings XI Punjab,Pune Warriors,bat,Pune Warriors,22,0
316,2012,Visakhapatnam,2012-04-09,Deccan Chargers,Mumbai Indians,Deccan Chargers,bat,Mumbai Indians,0,5
317,2012,Bangalore,2012-04-10,Kolkata Knight Riders,Royal Challengers Bangalore,Royal Challengers Bangalore,field,Kolkata Knight Riders,42,0
318,2012,Delhi,2012-04-10,Chennai Super Kings,Delhi Daredevils,Delhi Daredevils,field,Delhi Daredevils,0,8
319,2012,Mumbai,2012-04-11,Mumbai Indians,Rajasthan Royals,Rajasthan Royals,field,Mumbai Indians,27,0
320,2012,Chennai,2012-04-12,Royal Challengers Bangalore,Chennai Super Kings,Royal Challengers Bangalore,bat,Chennai Super Kings,0,5
321,2012,Chandigarh,2012-04-12,Pune Warriors,Kings XI Punjab,Kings XI Punjab,field,Kings XI Punjab,0,7
322,2012,Kolkata,2012-04-13,Rajasthan Royals,Kolkata Knight Riders,Rajasthan Royals,bat,Kolkata Knight Riders,0,5
323,2012,Delhi,2012-04-19,Deccan Chargers,Delhi Daredevils,Deccan Chargers,bat,Delhi Daredevils,0,5
324,2012,Pune,2012-04-14,Chennai Super Kings,Pune Warriors,Chennai Super Kings,bat,Pune Warriors,0,7
325,2012,Kolkata,2012-04-15,Kings XI Punjab,Kolkata Knight Riders,Kolkata Knight Riders,field,Kings XI Punjab,2,0
326,2012,Bangalore,2012-04-15,Rajasthan Royals,Royal Challengers Bangalore,Rajasthan Royals,bat,Rajasthan Royals,59,0
327,2012,Mumbai,2012-04-16,Mumbai Indians,Delhi Daredevils,Delhi Daredevils,field,Delhi Daredevils,0,7
328,2012,Jaipur,2012-04-17,Deccan Chargers,Rajasthan Royals,Deccan Chargers,bat,Rajasthan Royals,0,5
329,2012,Bangalore,2012-04-17,Pune Warriors,Royal Challengers Bangalore,Pune Warriors,bat,Royal Challengers Bangalore,0,6
330,2012,Chandigarh,2012-04-18,Kings XI Punjab,Kolkata Knight Riders,Kings XI Punjab,bat,Kolkata Knight Riders,0,8
331,2012,Hyderabad,2012-05-10,Deccan Chargers,Delhi Daredevils,Deccan Chargers,bat,Delhi Daredevils,0,9
332,2012,Chennai,2012-04-19,Chennai Super Kings,Pune Warriors,Pune Warriors,field,Chennai Super Kings,13,0
333,2012,Chandigarh,2012-04-20,Kings XI Punjab,Royal Challengers Bangalore,Royal Challengers Bangalore,field,Royal Challengers Bangalore,0,5
334,2012,Chennai,2012-04-21,Rajasthan Royals,Chennai Super Kings,Rajasthan Royals,bat,Chennai Super Kings,0,7
335,2012,Delhi,2012-04-21,Pune Warriors,Delhi Daredevils,Delhi Daredevils,field,Pune Warriors,20,0
336,2012,Mumbai,2012-04-22,Mumbai Indians,Kings XI Punjab,Mumbai Indians,bat,Kings XI Punjab,0,6
337,2012,Cuttack,2012-04-22,Deccan Chargers,Kolkata Knight Riders,Kolkata Knight Riders,field,Kolkata Knight Riders,0,5
338,2012,Jaipur,2012-04-23,Royal Challengers Bangalore,Rajasthan Royals,Rajasthan Royals,field,Royal Challengers Bangalore,46,0
339,2012,Pune,2012-04-24,Pune Warriors,Delhi Daredevils,Pune Warriors,bat,Delhi Daredevils,0,8
340,2012,Chandigarh,2012-04-25,Kings XI Punjab,Mumbai Indians,Kings XI Punjab,bat,Mumbai Indians,0,4
341,2012,Pune,2012-04-26,Deccan Chargers,Pune Warriors,Deccan Chargers,bat,Deccan Chargers,18,0
342,2012,Delhi,2012-04-27,Delhi Daredevils,Mumbai Indians,Mumbai Indians,field,Delhi Daredevils,37,0
343,2012,Chennai,2012-04-28,Kings XI Punjab,Chennai Super Kings,Kings XI Punjab,bat,Kings XI Punjab,7,0
344,2012,Kolkata,2012-04-28,Kolkata Knight Riders,Royal Challengers Bangalore,Kolkata Knight Riders,bat,Kolkata Knight Riders,47,0
345,2012,Delhi,2012-04-29,Delhi Daredevils,Rajasthan Royals,Delhi Daredevils,bat,Delhi Daredevils,1,0
346,2012,Mumbai,2012-04-29,Deccan Chargers,Mumbai Indians,Mumbai Indians,field,Mumbai Indians,0,5
347,2012,Chennai,2012-04-30,Chennai Super Kings,Kolkata Knight Riders,Chennai Super Kings,bat,Kolkata Knight Riders,0,5
348,2012,Cuttack,2012-05-01,Deccan Chargers,Pune Warriors,Deccan Chargers,bat,Deccan Chargers,13,0
349,2012,Jaipur,2012-05-01,Rajasthan Royals,Delhi Daredevils,Rajasthan Royals,bat,Delhi Daredevils,0,6
350,2012,Bangalore,2012-05-02,Royal Challengers Bangalore,Kings XI Punjab,Kings XI Punjab,field,Kings XI Punjab,0,4
351,2012,Pune,2012-05-03,Mumbai Indians,Pune Warriors,Mumbai Indians,bat,Mumbai Indians,1,0
352,2012,Chennai,2012-05-04,Chennai Super Kings,Deccan Chargers,Chennai Super Kings,bat,Chennai Super Kings,10,0
353,2012,Kolkata,2012-05-05,Kolkata Knight Riders,Pune Warriors,Kolkata Knight Riders,bat,Kolkata Knight Riders,7,0
354,2012,Chandigarh,2012-05-05,Rajasthan Royals,Kings XI Punjab,Rajasthan Royals,bat,Rajasthan Royals,43,0
355,2012,Mumbai,2012-05-06,Chennai Super Kings,Mumbai Indians,Mumbai Indians,field,Mumbai Indians,0,2
356,2012,Bangalore,2012-05-06,Deccan Chargers,Royal Challengers Bangalore,Royal Challengers Bangalore,field,Royal Challengers Bangalore,0,5
357,2012,Delhi,2012-05-07,Delhi Daredevils,Kolkata Knight Riders,Delhi Daredevils,bat,Kolkata Knight Riders,0,6
358,2012,Pune,2012-05-08,Pune Warriors,Rajasthan Royals,Pune Warriors,bat,Rajasthan Royals,0,7
359,2012,Hyderabad,2012-05-08,Kings XI Punjab,Deccan Chargers,Deccan Chargers,field,Kings XI Punjab,25,0
360,2012,Mumbai,2012-05-09,Mumbai Indians,Royal Challengers Bangalore,Royal Challengers Bangalore,field,Royal Challengers Bangalore,0,9
361,2012,Jaipur,2012-05-10,Rajasthan Royals,Chennai Super Kings,Chennai Super Kings,field,Chennai Super Kings,0,4
362,2012,Pune,2012-05-11,Royal Challengers Bangalore,Pune Warriors,Pune Warriors,field,Royal Challengers Bangalore,35,0
363,2012,Kolkata,2012-05-12,Mumbai Indians,Kolkata Knight Riders,Mumbai Indians,bat,Mumbai Indians,27,0
364,2012,Chennai,2012-05-12,Delhi Daredevils,Chennai Super Kings,Chennai Super Kings,field,Chennai Super Kings,0,9
365,2012,Jaipur,2012-05-13,Rajasthan Royals,Pune Warriors,Rajasthan Royals,bat,Rajasthan Royals,45,0
366,2012,Chandigarh,2012-05-13,Deccan Chargers,Kings XI Punjab,Deccan Chargers,bat,Kings XI Punjab,0,4
367,2012,Bangalore,2012-05-14,Royal Challengers Bangalore,Mumbai Indians,Mumbai Indians,field,Mumbai Indians,0,5
368,2012,Kolkata,2012-05-14,Kolkata Knight Riders,Chennai Super Kings,Chennai Super Kings,field,Chennai Super Kings,0,5
369,2012,Delhi,2012-05-15,Kings XI Punjab,Delhi Daredevils,Kings XI Punjab,bat,Delhi Daredevils,0,5
370,2012,Mumbai,2012-05-16,Kolkata Knight Riders,Mumbai Indians,Mumbai Indians,field,Kolkata Knight Riders,32,0
371,2012,Dharamsala,2012-05-17,Chennai Super Kings,Kings XI Punjab,Kings XI Punjab,field,Kings XI Punjab,0,6
372,2012,Delhi,2012-05-17,Royal Challengers Bangalore,Delhi Daredevils,Delhi Daredevils,field,Royal Challengers Bangalore,21,0
373,2012,Hyderabad,2012-05-18,Rajasthan Royals,Deccan Chargers,Rajasthan Royals,bat,Deccan Chargers,0,5
374,2012,Dharamsala,2012-05-19,Kings XI Punjab,Delhi Daredevils,Delhi Daredevils,field,Delhi Daredevils,0,6
375,2012,Pune,2012-05-19,Kolkata Knight Riders,Pune Warriors,Kolkata Knight Riders,bat,Kolkata Knight Riders,34,0
376,2012,Hyderabad,2012-05-20,Deccan Chargers,Royal Challengers Bangalore,Royal Challengers Bangalore,field,Deccan Chargers,9,0
377,2012,Jaipur,2012-05-20,Rajasthan Royals,Mumbai Indians,Rajasthan Royals,bat,Mumbai Indians,0,10
378,2012,Pune,2012-05-22,Kolkata Knight Riders,Delhi Daredevils,Kolkata Knight Riders,bat,Kolkata Knight Riders,18,0
379,2012,Bangalore,2012-05-23,Chennai Super Kings,Mumbai Indians,Mumbai Indians,field,Chennai Super Kings,38,0
380,2012,Chennai,2012-05-25,Chennai Super Kings,Delhi Daredevils,Delhi Daredevils,field,Chennai Super Kings,86,0
381,2012,Chennai,2012-05-27,Chennai Super Kings,Kolkata Knight Riders,Chennai Super Kings,bat,Kolkata Knight Riders,0,5
382,2013,Kolkata,2013-04-03,Delhi Daredevils,Kolkata Knight Riders,Kolkata Knight Riders,field,Kolkata Knight Riders,0,6
383,2013,Bangalore,2013-04-04,Royal Challengers Bangalore,Mumbai Indians,Mumbai Indians,field,Royal Challengers Bangalore,2,0
384,2013,Hyderabad,2013-04-05,Sunrisers Hyderabad,Pune Warriors,Pune Warriors,field,Sunrisers Hyderabad,22,0
385,2013,Delhi,2013-04-06,Rajasthan Royals,Delhi Daredevils,Rajasthan Royals,bat,Rajasthan Royals,5,0
386,2013,Chennai,2013-04-06,Mumbai Indians,Chennai Super Kings,Mumbai Indians,bat,Mumbai Indians,9,0
387,2013,Pune,2013-04-07,Pune Warriors,Kings XI Punjab,Pune Warriors,bat,Kings XI Punjab,0,8
388,2013,Hyderabad,2013-04-07,Royal Challengers Bangalore,Sunrisers Hyderabad,Royal Challengers Bangalore,bat,Sunrisers Hyderabad,0,0
389,2013,Jaipur,2013-04-08,Rajasthan Royals,Kolkata Knight Riders,Kolkata Knight Riders,field,Rajasthan Royals,19,0
390,2013,Mumbai,2013-04-09,Mumbai Indians,Delhi Daredevils,Mumbai Indians,bat,Mumbai Indians,44,0
391,2013,Chandigarh,2013-04-10,Kings XI Punjab,Chennai Super Kings,Chennai Super Kings,field,Chennai Super Kings,0,10
392,2013,Bangalore,2013-04-11,Kolkata Knight Riders,Royal Challengers Bangalore,Royal Challengers Bangalore,field,Royal Challengers Bangalore,0,8
393,2013,Pune,2013-04-11,Rajasthan Royals,Pune Warriors,Rajasthan Royals,bat,Pune Warriors,0,7
394,2013,Delhi,2013-04-12,Delhi Daredevils,Sunrisers Hyderabad,Delhi Daredevils,bat,Sunrisers Hyderabad,0,3
395,2013,Mumbai,2013-04-13,Mumbai Indians,Pune Warriors,Mumbai Indians,bat,Mumbai Indians,41,0
396,2013,Chennai,2013-04-13,Royal Challengers Bangalore,Chennai Super Kings,Chennai Super Kings,field,Chennai Super Kings,0,4
397,2013,Kolkata,2013-04-14,Kolkata Knight Riders,Sunrisers Hyderabad,Kolkata Knight Riders,bat,Kolkata Knight Riders,48,0
398,2013,Jaipur,2013-04-14,Kings XI Punjab,Rajasthan Royals,Rajasthan Royals,field,Rajasthan Royals,0,6
399,2013,Chennai,2013-04-15,Pune Warriors,Chennai Super Kings,Pune Warriors,bat,Pune Warriors,24,0
400,2013,Chandigarh,2013-04-16,Kings XI Punjab,Kolkata Knight Riders,Kolkata Knight Riders,field,Kings XI Punjab,4,0
401,2013,Bangalore,2013-04-16,Delhi Daredevils,Royal Challengers Bangalore,Royal Challengers Bangalore,field,Royal Challengers Bangalore,0,0
402,2013,Pune,2013-04-17,Sunrisers Hyderabad,Pune Warriors,Pune Warriors,field,Sunrisers Hyderabad,11,0
403,2013,Jaipur,2013-04-17,Rajasthan Royals,Mumbai Indians,Rajasthan Royals,bat,Rajasthan Royals,87,0
404,2013,Delhi,2013-04-18,Chennai Super Kings,Delhi Daredevils,Chennai Super Kings,bat,Chennai Super Kings,86,0
405,2013,Hyderabad,2013-04-19,Kings XI Punjab,Sunrisers Hyderabad,Kings XI Punjab,bat,Sunrisers Hyderabad,0,5
406,2013,Kolkata,2013-04-20,Kolkata Knight Riders,Chennai Super Kings,Kolkata Knight Riders,bat,Chennai Super Kings,0,4
407,2013,Bangalore,2013-04-20,Rajasthan Royals,Royal Challengers Bangalore,Royal Challengers Bangalore,field,Royal Challengers Bangalore,0,7
408,2013,Delhi,2013-04-21,Mumbai Indians,Delhi Daredevils,Mumbai Indians,bat,Delhi Daredevils,0,9
409,2013,Chandigarh,2013-04-21,Pune Warriors,Kings XI Punjab,Kings XI Punjab,field,Kings XI Punjab,0,7
410,2013,Chennai,2013-04-22,Rajasthan Royals,Chennai Super Kings,Rajasthan Royals,bat,Chennai Super Kings,0,5
411,2013,Bangalore,2013-04-23,Royal Challengers Bangalore,Pune Warriors,Pune Warriors,field,Royal Challengers Bangalore,130,0
412,2013,Dharamsala,2013-05-16,Kings XI Punjab,Delhi Daredevils,Delhi Daredevils,field,Kings XI Punjab,7,0
413,2013,Kolkata,2013-04-24,Kolkata Knight Riders,Mumbai Indians,Kolkata Knight Riders,bat,Mumbai Indians,0,5
414,2013,Chennai,2013-04-25,Sunrisers Hyderabad,Chennai Super Kings,Sunrisers Hyderabad,bat,Chennai Super Kings,0,5
415,2013,Kolkata,2013-04-26,Kings XI Punjab,Kolkata Knight Riders,Kings XI Punjab,bat,Kolkata Knight Riders,0,6
416,2013,Jaipur,2013-04-27,Sunrisers Hyderabad,Rajasthan Royals,Sunrisers Hyderabad,bat,Rajasthan Royals,0,8
417,2013,Mumbai,2013-04-27,Mumbai Indians,Royal Challengers Bangalore,Mumbai Indians,bat,Mumbai Indians,58,0
418,2013,Chennai,2013-04-28,Chennai Super Kings,Kolkata Knight Riders,Kolkata Knight Riders,field,Chennai Super Kings,14,0
419,2013,Raipur,2013-04-28,Delhi Daredevils,Pune Warriors,Pune Warriors,field,Delhi Daredevils,15,0
420,2013,Jaipur,2013-04-29,Royal Challengers Bangalore,Rajasthan Royals,Rajasthan Royals,field,Rajasthan Royals,0,4
421,2013,Mumbai,2013-04-29,Mumbai Indians,Kings XI Punjab,Mumbai Indians,bat,Mumbai Indians,4,0
422,2013,Pune,2013-04-30,Chennai Super Kings,Pune Warriors,Chennai Super Kings,bat,Chennai Super Kings,37,0
423,2013,Hyderabad,2013-05-01,Mumbai Indians,Sunrisers Hyderabad,Mumbai Indians,bat,Sunrisers Hyderabad,0,7
424,2013,Raipur,2013-05-01,Kolkata Knight Riders,Delhi Daredevils,Kolkata Knight Riders,bat,Delhi Daredevils,0,7
425,2013,Chennai,2013-05-02,Chennai Super Kings,Kings XI Punjab,Chennai Super Kings,bat,Chennai Super Kings,15,0
426,2013,Pune,2013-05-02,Royal Challengers Bangalore,Pune Warriors,Royal Challengers Bangalore,bat,Royal Challengers Bangalore,17,0
427,2013,Kolkata,2013-05-03,Rajasthan Royals,Kolkata Knight Riders,Rajasthan Royals,bat,Kolkata Knight Riders,0,8
428,2013,Hyderabad,2013-05-04,Delhi Daredevils,Sunrisers Hyderabad,Delhi Daredevils,bat,Sunrisers Hyderabad,0,6
429,2013,Bangalore,2013-05-14,Royal Challengers Bangalore,Kings XI Punjab,Kings XI Punjab,field,Kings XI Punjab,0,7
430,2013,Mumbai,2013-05-05,Mumbai Indians,Chennai Super Kings,Mumbai Indians,bat,Mumbai Indians,60,0
431,2013,Jaipur,2013-05-05,Pune Warriors,Rajasthan Royals,Pune Warriors,bat,Rajasthan Royals,0,5
432,2013,Bangalore,2013-04-09,Sunrisers Hyderabad,Royal Challengers Bangalore,Sunrisers Hyderabad,bat,Royal Challengers Bangalore,0,7
433,2013,Jaipur,2013-05-07,Delhi Daredevils,Rajasthan Royals,Delhi Daredevils,bat,Rajasthan Royals,0,9
434,2013,Mumbai,2013-05-07,Mumbai Indians,Kolkata Knight Riders,Mumbai Indians,bat,Mumbai Indians,65,0
435,2013,Hyderabad,2013-05-08,Chennai Super Kings,Sunrisers Hyderabad,Sunrisers Hyderabad,field,Chennai Super Kings,77,0
436,2013,Chandigarh,2013-05-09,Kings XI Punjab,Rajasthan Royals,Rajasthan Royals,field,Rajasthan Royals,0,8
437,2013,Pune,2013-05-09,Kolkata Knight Riders,Pune Warriors,Kolkata Knight Riders,bat,Kolkata Knight Riders,46,0
438,2013,Delhi,2013-05-10,Royal Challengers Bangalore,Delhi Daredevils,Delhi Daredevils,field,Royal Challengers Bangalore,4,0
439,2013,Pune,2013-05-11,Pune Warriors,Mumbai Indians,Pune Warriors,bat,Mumbai Indians,0,5
440,2013,Chandigarh,2013-05-11,Sunrisers Hyderabad,Kings XI Punjab,Kings XI Punjab,field,Sunrisers Hyderabad,30,0
441,2013,Ranchi,2013-05-12,Royal Challengers Bangalore,Kolkata Knight Riders,Kolkata Knight Riders,field,Kolkata Knight Riders,0,5
442,2013,Jaipur,2013-05-12,Chennai Super Kings,Rajasthan Royals,Rajasthan Royals,field,Rajasthan Royals,0,5
443,2013,Delhi,2013-04-23,Delhi Daredevils,Kings XI Punjab,Kings XI Punjab,field,Kings XI Punjab,0,5
444,2013,Mumbai,2013-05-13,Sunrisers Hyderabad,Mumbai Indians,Sunrisers Hyderabad,bat,Mumbai Indians,0,7
445,2013,Ranchi,2013-05-15,Pune Warriors,Kolkata Knight Riders,Kolkata Knight Riders,field,Pune Warriors,7,0
446,2013,Chennai,2013-05-14,Chennai Super Kings,Delhi Daredevils,Chennai Super Kings,bat,Chennai Super Kings,33,0
447,2013,Mumbai,2013-05-15,Mumbai Indians,Rajasthan Royals,Rajasthan Royals,field,Mumbai Indians,14,0
448,2013,Chandigarh,2013-05-06,Royal Challengers Bangalore,Kings XI Punjab,Kings XI Punjab,field,Kings XI Punjab,0,6
449,2013,Hyderabad,2013-05-17,Sunrisers Hyderabad,Rajasthan Royals,Sunrisers Hyderabad,bat,Sunrisers Hyderabad,23,0
450,2013,Dharamsala,2013-05-18,Kings XI Punjab,Mumbai Indians,Mumbai Indians,field,Kings XI Punjab,50,0
451,2013,Pune,2013-05-19,Pune Warriors,Delhi Daredevils,Pune Warriors,bat,Pune Warriors,38,0
452,2013,Bangalore,2013-05-18,Royal Challengers Bangalore,Chennai Super Kings,Chennai Super Kings,field,Royal Challengers Bangalore,24,0
453,2013,Hyderabad,2013-05-19,Kolkata Knight Riders,Sunrisers Hyderabad,Kolkata Knight Riders,bat,Sunrisers Hyderabad,0,5
454,2013,Delhi,2013-05-21,Chennai Super Kings,Mumbai Indians,Chennai Super Kings,bat,Chennai Super Kings,48,0
455,2013,Delhi,2013-05-22,Sunrisers Hyderabad,Rajasthan Royals,Sunrisers Hyderabad,bat,Rajasthan Royals,0,4
456,2013,Kolkata,2013-05-24,Rajasthan Royals,Mumbai Indians,Rajasthan Royals,bat,Mumbai Indians,0,4
457,2013,Kolkata,2013-05-26,Mumbai Indians,Chennai Super Kings,Mumbai Indians,bat,Mumbai Indians,23,0
458,2014,Abu Dhabi,2014-04-16,Kolkata Knight Riders,Mumbai Indians,Kolkata Knight Riders,bat,Kolkata Knight Riders,41,0
459,2014,Sharjah,2014-04-17,Delhi Daredevils,Royal Challengers Bangalore,Royal Challengers Bangalore,field,Royal Challengers Bangalore,0,8
460,2014,Abu Dhabi,2014-04-18,Chennai Super Kings,Kings XI Punjab,Chennai Super Kings,bat,Kings XI Punjab,0,6
461,2014,Abu Dhabi,2014-04-18,Sunrisers Hyderabad,Rajasthan Royals,Rajasthan Royals,field,Rajasthan Royals,0,4
462,2014,,2014-04-19,Mumbai Indians,Royal Challengers Bangalore,Royal Challengers Bangalore,field,Royal Challengers Bangalore,0,7
463,2014,,2014-04-19,Kolkata Knight Riders,Delhi Daredevils,Kolkata Knight Riders,bat,Delhi Daredevils,0,4
464,2014,Sharjah,2014-04-20,Rajasthan Royals,Kings XI Punjab,Kings XI Punjab,field,Kings XI Punjab,0,7
465,2014,Abu Dhabi,2014-04-21,Chennai Super Kings,Delhi Daredevils,Chennai Super Kings,bat,Chennai Super Kings,93,0
466,2014,Sharjah,2014-04-22,Kings XI Punjab,Sunrisers Hyderabad,Sunrisers Hyderabad,field,Kings XI Punjab,72,0
467,2014,,2014-04-23,Chennai Super Kings,Rajasthan Royals,Rajasthan Royals,field,Chennai Super Kings,7,0
468,2014,Sharjah,2014-04-24,Kolkata Knight Riders,Royal Challengers Bangalore,Royal Challengers Bangalore,field,Kolkata Knight Riders,2,0
469,2014,,2014-04-25,Sunrisers Hyderabad,Delhi Daredevils,Sunrisers Hyderabad,bat,Sunrisers Hyderabad,4,0
470,2014,,2014-04-25,Mumbai Indians,Chennai Super Kings,Mumbai Indians,bat,Chennai Super Kings,0,7
471,2014,Abu Dhabi,2014-04-26,Royal Challengers Bangalore,Rajasthan Royals,Rajasthan Royals,field,Rajasthan Royals,0,6
472,2014,Abu Dhabi,2014-04-26,Kings XI Punjab,Kolkata Knight Riders,Kolkata Knight Riders,field,Kings XI Punjab,23,0
473,2014,Sharjah,2014-04-27,Mumbai Indians,Delhi Daredevils,Mumbai Indians,bat,Delhi Daredevils,0,6
474,2014,Sharjah,2014-04-27,Sunrisers Hyderabad,Chennai Super Kings,Sunrisers Hyderabad,bat,Chennai Super Kings,0,5
475,2014,,2014-04-28,Royal Challengers Bangalore,Kings XI Punjab,Kings XI Punjab,field,Kings XI Punjab,0,5
476,2014,Abu Dhabi,2014-04-29,Rajasthan Royals,Kolkata Knight Riders,Rajasthan Royals,bat,Rajasthan Royals,0,0
477,2014,,2014-04-30,Sunrisers Hyderabad,Mumbai Indians,Mumbai Indians,field,Sunrisers Hyderabad,15,0
478,2014,Ranchi,2014-05-02,Chennai Super Kings,Kolkata Knight Riders,Chennai Super Kings,bat,Chennai Super Kings,34,0
479,2014,Mumbai,2014-05-03,Kings XI Punjab,Mumbai Indians,Kings XI Punjab,bat,Mumbai Indians,0,5
480,2014,Delhi,2014-05-03,Delhi Daredevils,Rajasthan Royals,Rajasthan Royals,field,Rajasthan Royals,0,7
481,2014,Bangalore,2014-05-04,Sunrisers Hyderabad,Royal Challengers Bangalore,Royal Challengers Bangalore,field,Royal Challengers Bangalore,0,4
482,2014,Ahmedabad,2014-05-05,Rajasthan Royals,Kolkata Knight Riders,Kolkata Knight Riders,field,Rajasthan Royals,10,0
483,2014,Delhi,2014-05-05,Delhi Daredevils,Chennai Super Kings,Chennai Super Kings,field,Chennai Super Kings,0,8
484,2014,Mumbai,2014-05-06,Mumbai Indians,Royal Challengers Bangalore,Royal Challengers Bangalore,field,Mumbai Indians,19,0
485,2014,Delhi,2014-05-07,Delhi Daredevils,Kolkata Knight Riders,Delhi Daredevils,bat,Kolkata Knight Riders,0,8
486,2014,Cuttack,2014-05-07,Kings XI Punjab,Chennai Super Kings,Chennai Super Kings,field,Kings XI Punjab,44,0
487,2014,Ahmedabad,2014-05-08,Sunrisers Hyderabad,Rajasthan Royals,Rajasthan Royals,field,Sunrisers Hyderabad,32,0
488,2014,Bangalore,2014-05-09,Kings XI Punjab,Royal Challengers Bangalore,Royal Challengers Bangalore,field,Kings XI Punjab,32,0
489,2014,Delhi,2014-05-10,Delhi Daredevils,Sunrisers Hyderabad,Sunrisers Hyderabad,field,Sunrisers Hyderabad,0,8
490,2014,Mumbai,2014-05-10,Mumbai Indians,Chennai Super Kings,Chennai Super Kings,field,Chennai Super Kings,0,4
491,2014,Cuttack,2014-05-11,Kings XI Punjab,Kolkata Knight Riders,Kolkata Knight Riders,field,Kolkata Knight Riders,0,9
492,2014,Bangalore,2014-05-11,Royal Challengers Bangalore,Rajasthan Royals,Royal Challengers Bangalore,bat,Rajasthan Royals,0,5
493,2014,Hyderabad,2014-05-12,Sunrisers Hyderabad,Mumbai Indians,Sunrisers Hyderabad,bat,Mumbai Indians,0,7
494,2014,Ranchi,2014-05-13,Rajasthan Royals,Chennai Super Kings,Rajasthan Royals,bat,Chennai Super Kings,0,5
495,2014,Bangalore,2014-05-13,Royal Challengers Bangalore,Delhi Daredevils,Delhi Daredevils,field,Royal Challengers Bangalore,16,0
496,2014,Hyderabad,2014-05-14,Sunrisers Hyderabad,Kings XI Punjab,Kings XI Punjab,field,Kings XI Punjab,0,6
497,2014,Cuttack,2014-05-14,Mumbai Indians,Kolkata Knight Riders,Kolkata Knight Riders,field,Kolkata Knight Riders,0,6
498,2014,Ahmedabad,2014-05-15,Rajasthan Royals,Delhi Daredevils,Delhi Daredevils,field,Rajasthan Royals,62,0
499,2014,Ranchi,2014-05-18,Chennai Super Kings,Royal Challengers Bangalore,Chennai Super Kings,bat,Royal Challengers Bangalore,0,5
500,2014,Hyderabad,2014-05-18,Sunrisers Hyderabad,Kolkata Knight Riders,Sunrisers Hyderabad,bat,Kolkata Knight Riders,0,7
501,2014,Ahmedabad,2014-05-19,Mumbai Indians,Rajasthan Royals,Mumbai Indians,bat,Mumbai Indians,25,0
502,2014,Delhi,2014-05-19,Delhi Daredevils,Kings XI Punjab,Kings XI Punjab,field,Kings XI Punjab,0,4
503,2014,Hyderabad,2014-05-20,Royal Challengers Bangalore,Sunrisers Hyderabad,Royal Challengers Bangalore,bat,Sunrisers Hyderabad,0,7
504,2014,Kolkata,2014-05-20,Chennai Super Kings,Kolkata Knight Riders,Kolkata Knight Riders,field,Kolkata Knight Riders,0,8
505,2014,Chandigarh,2014-05-21,Kings XI Punjab,Mumbai Indians,Mumbai Indians,field,Mumbai Indians,0,7
506,2014,Kolkata,2014-05-22,Kolkata Knight Riders,Royal Challengers Bangalore,Royal Challengers Bangalore,field,Kolkata Knight Riders,30,0
507,2014,Ranchi,2014-05-22,Chennai Super Kings,Sunrisers Hyderabad,Sunrisers Hyderabad,field,Sunrisers Hyderabad,0,6
508,2014,Mumbai,2014-05-23,Mumbai Indians,Delhi Daredevils,Delhi Daredevils,field,Mumbai Indians,15,0
509,2014,Chandigarh,2014-05-23,Kings XI Punjab,Rajasthan Royals,Rajasthan Royals,field,Kings XI Punjab,16,0
510,2014,Bangalore,2014-05-24,Royal Challengers Bangalore,Chennai Super Kings,Chennai Super Kings,field,Chennai Super Kings,0,8
511,2014,Kolkata,2014-05-24,Sunrisers Hyderabad,Kolkata Knight Riders,Kolkata Knight Riders,field,Kolkata Knight Riders,0,4
512,2014,Chandigarh,2014-05-25,Delhi Daredevils,Kings XI Punjab,Kings XI Punjab,field,Kings XI Punjab,0,7
513,2014,Mumbai,2014-05-25,Rajasthan Royals,Mumbai Indians,Mumbai Indians,field,Mumbai Indians,0,5
514,2014,Kolkata,2014-05-27,Kolkata Knight Riders,Kings XI Punjab,Kings XI Punjab,field,Kolkata Knight Riders,28,0
515,2014,Mumbai,2014-05-28,Mumbai Indians,Chennai Super Kings,Chennai Super Kings,field,Chennai Super Kings,0,7
516,2014,Mumbai,2014-05-30,Kings XI Punjab,Chennai Super Kings,Chennai Super Kings,field,Kings XI Punjab,24,0
517,2014,Bangalore,2014-06-01,Kings XI Punjab,Kolkata Knight Riders,Kolkata Knight Riders,field,Kolkata Knight Riders,0,3
518,2015,Kolkata,2015-04-08,Mumbai Indians,Kolkata Knight Riders,Kolkata Knight Riders,field,Kolkata Knight Riders,0,7
519,2015,Chennai,2015-04-09,Chennai Super Kings,Delhi Daredevils,Delhi Daredevils,field,Chennai Super Kings,1,0
520,2015,Pune,2015-04-10,Rajasthan Royals,Kings XI Punjab,Kings XI Punjab,field,Rajasthan Royals,26,0
521,2015,Chennai,2015-04-11,Chennai Super Kings,Sunrisers Hyderabad,Chennai Super Kings,bat,Chennai Super Kings,45,0
522,2015,Kolkata,2015-04-11,Kolkata Knight Riders,Royal Challengers Bangalore,Royal Challengers Bangalore,field,Royal Challengers Bangalore,0,3
523,2015,Delhi,2015-04-12,Delhi Daredevils,Rajasthan Royals,Rajasthan Royals,field,Rajasthan Royals,0,3
524,2015,Mumbai,2015-04-12,Kings XI Punjab,Mumbai Indians,Mumbai Indians,field,Kings XI Punjab,18,0
525,2015,Bangalore,2015-04-13,Royal Challengers Bangalore,Sunrisers Hyderabad,Sunrisers Hyderabad,field,Sunrisers Hyderabad,0,8
526,2015,Ahmedabad,2015-04-14,Mumbai Indians,Rajasthan Royals,Mumbai Indians,bat,Rajasthan Royals,0,7
527,2015,Kolkata,2015-04-30,Chennai Super Kings,Kolkata Knight Riders,Kolkata Knight Riders,field,Kolkata Knight Riders,0,7
528,2015,Pune,2015-04-15,Kings XI Punjab,Delhi Daredevils,Kings XI Punjab,bat,Delhi Daredevils,0,5
529,2015,Visakhapatnam,2015-04-16,Sunrisers Hyderabad,Rajasthan Royals,Rajasthan Royals,field,Rajasthan Royals,0,6
530,2015,Mumbai,2015-04-17,Mumbai Indians,Chennai Super Kings,Mumbai Indians,bat,Chennai Super Kings,0,6
531,2015,Visakhapatnam,2015-04-18,Delhi Daredevils,Sunrisers Hyderabad,Delhi Daredevils,bat,Delhi Daredevils,4,0
532,2015,Pune,2015-04-18,Kings XI Punjab,Kolkata Knight Riders,Kolkata Knight Riders,field,Kolkata Knight Riders,0,4
533,2015,Ahmedabad,2015-04-19,Chennai Super Kings,Rajasthan Royals,Chennai Super Kings,bat,Rajasthan Royals,0,8
534,2015,Bangalore,2015-04-19,Mumbai Indians,Royal Challengers Bangalore,Royal Challengers Bangalore,field,Mumbai Indians,18,0
535,2015,Delhi,2015-04-20,Delhi Daredevils,Kolkata Knight Riders,Kolkata Knight Riders,field,Kolkata Knight Riders,0,6
536,2015,Ahmedabad,2015-04-21,Rajasthan Royals,Kings XI Punjab,Kings XI Punjab,field,Kings XI Punjab,0,0
537,2015,Visakhapatnam,2015-04-22,Sunrisers Hyderabad,Kolkata Knight Riders,Kolkata Knight Riders,field,Sunrisers Hyderabad,16,0
538,2015,Bangalore,2015-04-22,Chennai Super Kings,Royal Challengers Bangalore,Royal Challengers Bangalore,field,Chennai Super Kings,27,0
539,2015,Delhi,2015-04-23,Delhi Daredevils,Mumbai Indians,Mumbai Indians,field,Delhi Daredevils,37,0
540,2015,Ahmedabad,2015-04-24,Rajasthan Royals,Royal Challengers Bangalore,Royal Challengers Bangalore,field,Royal Challengers Bangalore,0,9
541,2015,Mumbai,2015-04-25,Mumbai Indians,Sunrisers Hyderabad,Mumbai Indians,bat,Mumbai Indians,20,0
542,2015,Chennai,2015-04-25,Chennai Super Kings,Kings XI Punjab,Chennai Super Kings,bat,Chennai Super Kings,97,0
543,2015,Delhi,2015-04-26,Delhi Daredevils,Royal Challengers Bangalore,Royal Challengers Bangalore,field,Royal Challengers Bangalore,0,10
544,2015,Chandigarh,2015-04-27,Sunrisers Hyderabad,Kings XI Punjab,Kings XI Punjab,field,Sunrisers Hyderabad,20,0
545,2015,Kolkata,2015-05-07,Kolkata Knight Riders,Delhi Daredevils,Kolkata Knight Riders,bat,Kolkata Knight Riders,13,0
546,2015,Bangalore,2015-04-29,Royal Challengers Bangalore,Rajasthan Royals,Rajasthan Royals,field,,0,0
547,2015,Chennai,2015-04-28,Chennai Super Kings,Kolkata Knight Riders,Kolkata Knight Riders,field,Chennai Super Kings,2,0
548,2015,Delhi,2015-05-01,Kings XI Punjab,Delhi Daredevils,Delhi Daredevils,field,Delhi Daredevils,0,9
549,2015,Mumbai,2015-05-01,Mumbai Indians,Rajasthan Royals,Rajasthan Royals,field,Mumbai Indians,8,0
550,2015,Bangalore,2015-05-02,Kolkata Knight Riders,Royal Challengers Bangalore,Royal Challengers Bangalore,field,Royal Challengers Bangalore,0,7
551,2015,Hyderabad,2015-05-02,Sunrisers Hyderabad,Chennai Super Kings,Chennai Super Kings,field,Sunrisers Hyderabad,22,0
552,2015,Chandigarh,2015-05-03,Mumbai Indians,Kings XI Punjab,Mumbai Indians,bat,Mumbai Indians,23,0
553,2015,Mumbai,2015-05-03,Rajasthan Royals,Delhi Daredevils,Delhi Daredevils,field,Rajasthan Royals,14,0
554,2015,Chennai,2015-05-04,Chennai Super Kings,Royal Challengers Bangalore,Chennai Super Kings,bat,Chennai Super Kings,24,0
555,2015,Kolkata,2015-05-04,Kolkata Knight Riders,Sunrisers Hyderabad,Sunrisers Hyderabad,field,Kolkata Knight Riders,35,0
556,2015,Mumbai,2015-05-05,Delhi Daredevils,Mumbai Indians,Delhi Daredevils,bat,Mumbai Indians,0,5
557,2015,Bangalore,2015-05-06,Royal Challengers Bangalore,Kings XI Punjab,Kings XI Punjab,field,Royal Challengers Bangalore,138,0
558,2015,Mumbai,2015-05-07,Sunrisers Hyderabad,Rajasthan Royals,Rajasthan Royals,field,Sunrisers Hyderabad,7,0
559,2015,Chennai,2015-05-08,Chennai Super Kings,Mumbai Indians,Chennai Super Kings,bat,Mumbai Indians,0,6
560,2015,Kolkata,2015-05-09,Kings XI Punjab,Kolkata Knight Riders,Kings XI Punjab,bat,Kolkata Knight Riders,0,1
561,2015,Raipur,2015-05-09,Sunrisers Hyderabad,Delhi Daredevils,Sunrisers Hyderabad,bat,Sunrisers Hyderabad,6,0
562,2015,Mumbai,2015-05-10,Royal Challengers Bangalore,Mumbai Indians,Royal Challengers Bangalore,bat,Royal Challengers Bangalore,39,0
563,2015,Chennai,2015-05-10,Chennai Super Kings,Rajasthan Royals,Chennai Super Kings,bat,Chennai Super Kings,12,0
564,2015,Hyderabad,2015-05-11,Sunrisers Hyderabad,Kings XI Punjab,Sunrisers Hyderabad,bat,Sunrisers Hyderabad,5,0
565,2015,Raipur,2015-05-12,Chennai Super Kings,Delhi Daredevils,Chennai Super Kings,bat,Delhi Daredevils,0,6
566,2015,Chandigarh,2015-05-13,Kings XI Punjab,Royal Challengers Bangalore,Royal Challengers Bangalore,field,Kings XI Punjab,22,0
567,2015,Mumbai,2015-05-14,Mumbai Indians,Kolkata Knight Riders,Kolkata Knight Riders,field,Mumbai Indians,5,0
568,2015,Hyderabad,2015-05-15,Sunrisers Hyderabad,Royal Challengers Bangalore,Sunrisers Hyderabad,bat,Royal Challengers Bangalore,0,6
569,2015,Chandigarh,2015-05-16,Kings XI Punjab,Chennai Super Kings,Kings XI Punjab,bat,Chennai Super Kings,0,7
570,2015,Mumbai,2015-05-16,Rajasthan Royals,Kolkata Knight Riders,Rajasthan Royals,bat,Rajasthan Royals,9,0
571,2015,Bangalore,2015-05-17,Delhi Daredevils,Royal Challengers Bangalore,Royal Challengers Bangalore,field,,0,0
572,2015,Hyderabad,2015-05-17,Sunrisers Hyderabad,Mumbai Indians,Sunrisers Hyderabad,bat,Mumbai Indians,0,9
573,2015,Mumbai,2015-05-19,Mumbai Indians,Chennai Super Kings,Mumbai Indians,bat,Mumbai Indians,25,0
574,2015,Pune,2015-05-20,Royal Challengers Bangalore,Rajasthan Royals,Royal Challengers Bangalore,bat,Royal Challengers Bangalore,71,0
575,2015,Ranchi,2015-05-22,Royal Challengers Bangalore,Chennai Super Kings,Chennai Super Kings,field,Chennai Super Kings,0,3
576,2015,Kolkata,2015-05-24,Mumbai Indians,Chennai Super Kings,Chennai Super Kings,field,Mumbai Indians,41,0
577,2016,Mumbai,2016-04-09,Mumbai Indians,Rising Pune Supergiants,Mumbai Indians,bat,Rising Pune Supergiants,0,9
578,2016,Kolkata,2016-04-10,Delhi Daredevils,Kolkata Knight Riders,Kolkata Knight Riders,field,Kolkata Knight Riders,0,9
579,2016,Chandigarh,2016-04-11,Kings XI Punjab,Gujarat Lions,Gujarat Lions,field,Gujarat Lions,0,5
580,2016,Bangalore,2016-04-12,Royal Challengers Bangalore,Sunrisers Hyderabad,Sunrisers Hyderabad,field,Royal Challengers Bangalore,45,0
581,2016,Kolkata,2016-04-13,Kolkata Knight Riders,Mumbai Indians,Mumbai Indians,field,Mumbai Indians,0,6
582,2016,Rajkot,2016-04-14,Rising Pune Supergiants,Gujarat Lions,Rising Pune Supergiants,bat,Gujarat Lions,0,7
583,2016,Delhi,2016-04-15,Kings XI Punjab,Delhi Daredevils,Delhi Daredevils,field,Delhi Daredevils,0,8
584,2016,Hyderabad,2016-04-16,Sunrisers Hyderabad,Kolkata Knight Riders,Sunrisers Hyderabad,bat,Kolkata Knight Riders,0,8
585,2016,Mumbai,2016-04-16,Mumbai Indians,Gujarat Lions,Gujarat Lions,field,Gujarat Lions,0,3
586,2016,Chandigarh,2016-04-17,Rising Pune Supergiants,Kings XI Punjab,Rising Pune Supergiants,bat,Kings XI Punjab,0,6
587,2016,Bangalore,2016-04-17,Royal Challengers Bangalore,Delhi Daredevils,Delhi Daredevils,field,Delhi Daredevils,0,7
588,2016,Hyderabad,2016-04-18,Mumbai Indians,Sunrisers Hyderabad,Sunrisers Hyderabad,field,Sunrisers Hyderabad,0,7
589,2016,Chandigarh,2016-04-19,Kings XI Punjab,Kolkata Knight Riders,Kolkata Knight Riders,field,Kolkata Knight Riders,0,6
590,2016,Mumbai,2016-04-20,Royal Challengers Bangalore,Mumbai Indians,Mumbai Indians,field,Mumbai Indians,0,6
591,2016,Rajkot,2016-04-21,Gujarat Lions,Sunrisers Hyderabad,Sunrisers Hyderabad,field,Sunrisers Hyderabad,0,10
592,2016,Pune,2016-04-22,Royal Challengers Bangalore,Rising Pune Supergiants,Rising Pune Supergiants,field,Royal Challengers Bangalore,13,0
593,2016,Delhi,2016-04-23,Delhi Daredevils,Mumbai Indians,Mumbai Indians,field,Delhi Daredevils,10,0
594,2016,Hyderabad,2016-04-23,Kings XI Punjab,Sunrisers Hyderabad,Sunrisers Hyderabad,field,Sunrisers Hyderabad,0,5
595,2016,Rajkot,2016-04-24,Royal Challengers Bangalore,Gujarat Lions,Royal Challengers Bangalore,bat,Gujarat Lions,0,6
596,2016,Pune,2016-04-24,Rising Pune Supergiants,Kolkata Knight Riders,Kolkata Knight Riders,field,Kolkata Knight Riders,0,2
597,2016,Chandigarh,2016-04-25,Mumbai Indians,Kings XI Punjab,Kings XI Punjab,field,Mumbai Indians,25,0
598,2016,Hyderabad,2016-04-26,Sunrisers Hyderabad,Rising Pune Supergiants,Rising Pune Supergiants,field,Rising Pune Supergiants,34,0
599,2016,Delhi,2016-04-27,Gujarat Lions,Delhi Daredevils,Delhi Daredevils,field,Gujarat Lions,1,0
600,2016,Mumbai,2016-04-28,Kolkata Knight Riders,Mumbai Indians,Mumbai Indians,field,Mumbai Indians,0,6
601,2016,Pune,2016-04-29,Rising Pune Supergiants,Gujarat Lions,Gujarat Lions,field,Gujarat Lions,0,3
602,2016,Delhi,2016-04-30,Delhi Daredevils,Kolkata Knight Riders,Kolkata Knight Riders,field,Delhi Daredevils,27,0
603,2016,Hyderabad,2016-04-30,Sunrisers Hyderabad,Royal Challengers Bangalore,Royal Challengers Bangalore,field,Sunrisers Hyderabad,15,0
604,2016,Rajkot,2016-05-01,Kings XI Punjab,Gujarat Lions,Gujarat Lions,field,Kings XI Punjab,23,0
605,2016,Pune,2016-05-01,Rising Pune Supergiants,Mumbai Indians,Mumbai Indians,field,Mumbai Indians,0,8
606,2016,Bangalore,2016-05-02,Royal Challengers Bangalore,Kolkata Knight Riders,Kolkata Knight Riders,field,Kolkata Knight Riders,0,5
607,2016,Rajkot,2016-05-03,Gujarat Lions,Delhi Daredevils,Delhi Daredevils,field,Delhi Daredevils,0,8
608,2016,Kolkata,2016-05-04,Kolkata Knight Riders,Kings XI Punjab,Kings XI Punjab,field,Kolkata Knight Riders,7,0
609,2016,Delhi,2016-05-05,Delhi Daredevils,Rising Pune Supergiants,Rising Pune Supergiants,field,Rising Pune Supergiants,0,7
610,2016,Hyderabad,2016-05-06,Gujarat Lions,Sunrisers Hyderabad,Sunrisers Hyderabad,field,Sunrisers Hyderabad,0,5
611,2016,Bangalore,2016-05-07,Rising Pune Supergiants,Royal Challengers Bangalore,Royal Challengers Bangalore,field,Royal Challengers Bangalore,0,7
612,2016,Chandigarh,2016-05-07,Kings XI Punjab,Delhi Daredevils,Delhi Daredevils,field,Kings XI Punjab,9,0
613,2016,Visakhapatnam,2016-05-08,Sunrisers Hyderabad,Mumbai Indians,Mumbai Indians,field,Sunrisers Hyderabad,85,0
614,2016,Kolkata,2016-05-08,Kolkata Knight Riders,Gujarat Lions,Gujarat Lions,field,Gujarat Lions,0,5
615,2016,Chandigarh,2016-05-09,Royal Challengers Bangalore,Kings XI Punjab,Kings XI Punjab,field,Royal Challengers Bangalore,1,0
616,2016,Visakhapatnam,2016-05-10,Sunrisers Hyderabad,Rising Pune Supergiants,Sunrisers Hyderabad,bat,Sunrisers Hyderabad,4,0
617,2016,Bangalore,2016-05-11,Royal Challengers Bangalore,Mumbai Indians,Mumbai Indians,field,Mumbai Indians,0,6
618,2016,Hyderabad,2016-05-12,Sunrisers Hyderabad,Delhi Daredevils,Delhi Daredevils,field,Delhi Daredevils,0,7
619,2016,Visakhapatnam,2016-05-13,Mumbai Indians,Kings XI Punjab,Mumbai Indians,bat,Kings XI Punjab,0,7
620,2016,Bangalore,2016-05-14,Royal Challengers Bangalore,Gujarat Lions,Gujarat Lions,field,Royal Challengers Bangalore,144,0
621,2016,Kolkata,2016-05-14,Rising Pune Supergiants,Kolkata Knight Riders,Rising Pune Supergiants,bat,Kolkata Knight Riders,0,8
622,2016,Chandigarh,2016-05-15,Kings XI Punjab,Sunrisers Hyderabad,Kings XI Punjab,bat,Sunrisers Hyderabad,0,7
623,2016,Visakhapatnam,2016-05-15,Mumbai Indians,Delhi Daredevils,Delhi Daredevils,field,Mumbai Indians,80,0
624,2016,Kolkata,2016-05-16,Kolkata Knight Riders,Royal Challengers Bangalore,Royal Challengers Bangalore,field,Royal Challengers Bangalore,0,9
625,2016,Visakhapatnam,2016-05-17,Delhi Daredevils,Rising Pune Supergiants,Rising Pune Supergiants,field,Rising Pune Supergiants,19,0
626,2016,Bangalore,2016-05-18,Royal Challengers Bangalore,Kings XI Punjab,Kings XI Punjab,field,Royal Challengers Bangalore,82,0
627,2016,Kanpur,2016-05-19,Kolkata Knight Riders,Gujarat Lions,Gujarat Lions,field,Gujarat Lions,0,6
628,2016,Raipur,2016-05-20,Sunrisers Hyderabad,Delhi Daredevils,Delhi Daredevils,field,Delhi Daredevils,0,6
629,2016,Visakhapatnam,2016-05-21,Kings XI Punjab,Rising Pune Supergiants,Kings XI Punjab,bat,Rising Pune Supergiants,0,4
630,2016,Kanpur,2016-05-21,Mumbai Indians,Gujarat Lions,Gujarat Lions,field,Gujarat Lions,0,6
631,2016,Kolkata,2016-05-22,Kolkata Knight Riders,Sunrisers Hyderabad,Sunrisers Hyderabad,field,Kolkata Knight Riders,22,0
632,2016,Raipur,2016-05-22,Delhi Daredevils,Royal Challengers Bangalore,Royal Challengers Bangalore,field,Royal Challengers Bangalore,0,6
633,2016,Bangalore,2016-05-24,Gujarat Lions,Royal Challengers Bangalore,Royal Challengers Bangalore,field,Royal Challengers Bangalore,0,4
634,2016,Delhi,2016-05-25,Sunrisers Hyderabad,Kolkata Knight Riders,Kolkata Knight Riders,field,Sunrisers Hyderabad,22,0
635,2016,Delhi,2016-05-27,Gujarat Lions,Sunrisers Hyderabad,Sunrisers Hyderabad,field,Sunrisers Hyderabad,0,4
636,2016,Bangalore,2016-05-29,Sunrisers Hyderabad,Royal Challengers Bangalore,Sunrisers Hyderabad,bat,Sunrisers Hyderabad,8,0
7894,2018,Mumbai,07/04/18,Mumbai Indians,Chennai Super Kings,Chennai Super Kings,field,Chennai Super Kings,0,1
7895,2018,Mohali,08/04/18,Delhi Daredevils,Kings XI Punjab,Kings XI Punjab,field,Kings XI Punjab,0,6
7896,2018,Kolkata,08/04/18,Royal Challengers Bangalore,Kolkata Knight Riders,Kolkata Knight Riders,field,Kolkata Knight Riders,0,4
7897,2018,Hyderabad,09/04/18,Rajasthan Royals,Sunrisers Hyderabad,Sunrisers Hyderabad,field,Sunrisers Hyderabad,0,9
7898,2018,Chennai,10/04/18,Kolkata Knight Riders,Chennai Super Kings,Chennai Super Kings,field,Chennai Super Kings,0,5
7899,2018,Jaipur,11/04/18,Rajasthan Royals,Delhi Daredevils,Delhi Daredevils,field,Rajasthan Royals,10,0
7900,2018,Hyderabad,12/04/18,Mumbai Indians,Sunrisers Hyderabad,Sunrisers Hyderabad,field,Sunrisers Hyderabad,0,1
7901,2018,Bengaluru,13/04/18,Kings XI Punjab,Royal Challengers Bangalore,Royal Challengers Bangalore,field,Royal Challengers Bangalore,0,4
7902,2018,Mumbai,14/04/18,Mumbai Indians,Delhi Daredevils,Delhi Daredevils,field,Delhi Daredevils,0,7
7903,2018,Kolkata,14/04/18,Kolkata Knight Riders,Sunrisers Hyderabad,Sunrisers Hyderabad,field,Sunrisers Hyderabad,0,5
7904,2018,Bengaluru,15/04/18,Rajasthan Royals,Royal Challengers Bangalore,Royal Challengers Bangalore,field,Rajasthan Royals,19,0
7905,2018,Mohali,15/04/18,Kings XI Punjab,Chennai Super Kings,Chennai Super Kings,field,Kings XI Punjab,4,0
7906,2018,Kolkata,16/04/18,Kolkata Knight Riders,Delhi Daredevils,Delhi Daredevils,field,Kolkata Knight Riders,71,0
7907,2018,Mumbai,17/04/18,Mumbai Indians,Royal Challengers Bangalore,Royal Challengers Bangalore,field,Mumbai Indians,46,0
7908,2018,Jaipur,18/04/18,Rajasthan Royals,Kolkata Knight Riders,Kolkata Knight Riders,field,Kolkata Knight Riders,0,7
7909,2018,Mohali,19/04/18,Kings XI Punjab,Sunrisers Hyderabad,Kings XI Punjab,bat,Kings XI Punjab,15,0
7910,2018,Pune,20/04/18,Chennai Super Kings,Rajasthan Royals,Rajasthan Royals,field,Chennai Super Kings,64,0
7911,2018,Kolkata,21/04/18,Kolkata Knight Riders,Kings XI Punjab,Kings XI Punjab,field,Kings XI Punjab,0,9
7912,2018,Bengaluru,21/04/18,Delhi Daredevils,Royal Challengers Bangalore,Royal Challengers Bangalore,field,Royal Challengers Bangalore,0,6
7913,2018,Hyderabad,22/04/18,Chennai Super Kings,Sunrisers Hyderabad,Sunrisers Hyderabad,field,Chennai Super Kings,4,0
7914,2018,Jaipur,22/04/18,Mumbai Indians,Rajasthan Royals,Mumbai Indians,bat,Rajasthan Royals,0,3
7915,2018,Delhi,23/04/18,Kings XI Punjab,Delhi Daredevils,Delhi Daredevils,field,Kings XI Punjab,4,0
7916,2018,Mumbai,24/04/18,Sunrisers Hyderabad,Mumbai Indians,Mumbai Indians,field,Sunrisers Hyderabad,31,0
7917,2018,Bengaluru,25/04/18,Royal Challengers Bangalore,Chennai Super Kings,Chennai Super Kings,field,Chennai Super Kings,0,5
7918,2018,Hyderabad,26/04/18,Sunrisers Hyderabad,Kings XI Punjab,Kings XI Punjab,field,Sunrisers Hyderabad,13,0
7919,2018,Delhi,27/04/18,Delhi Daredevils,Kolkata Knight Riders,Kolkata Knight Riders,field,Delhi Daredevils,55,0
7920,2018,Pune,28/04/18,Chennai Super Kings,Mumbai Indians,Mumbai Indians,field,Mumbai Indians,0,8
7921,2018,Jaipur,29/04/18,Sunrisers Hyderabad,Rajasthan Royals,Sunrisers Hyderabad,bat,Sunrisers Hyderabad,11,0
7922,2018,Bengaluru,29/04/18,Royal Challengers Bangalore,Kolkata Knight Riders,Kolkata Knight Riders,field,Kolkata Knight Riders,0,6
7923,2018,Pune,30/04/18,Chennai Super Kings,Delhi Daredevils,Delhi Daredevils,field,Chennai Super Kings,13,0
7924,2018,Bengaluru,01/05/18,Royal Challengers Bangalore,Mumbai Indians,Mumbai Indians,field,Royal Challengers Bangalore,14,0
7925,2018,Delhi,02/05/18,Delhi Daredevils,Rajasthan Royals,Rajasthan Royals,field,Delhi Daredevils,4,0
7926,2018,Kolkata,03/05/18,Chennai Super Kings,Kolkata Knight Riders,Kolkata Knight Riders,field,Kolkata Knight Riders,0,6
7927,2018,Indore,04/05/18,Kings XI Punjab,Mumbai Indians,Mumbai Indians,field,Mumbai Indians,0,6
7928,2018,Pune,05/05/18,Royal Challengers Bangalore,Chennai Super Kings,Chennai Super Kings,field,Chennai Super Kings,0,6
7929,2018,Hyderabad,05/05/18,Delhi Daredevils,Sunrisers Hyderabad,Delhi Daredevils,bat,Sunrisers Hyderabad,0,7
7930,2018,Mumbai,06/05/18,Mumbai Indians,Kolkata Knight Riders,Kolkata Knight Riders,field,Mumbai Indians,13,0
7931,2018,Indore,06/05/18,Rajasthan Royals,Kings XI Punjab,Kings XI Punjab,field,Kings XI Punjab,0,6
7932,2018,Hyderabad,07/05/18,Sunrisers Hyderabad,Royal Challengers Bangalore,Royal Challengers Bangalore,field,Sunrisers Hyderabad,5,0
7933,2018,Jaipur,08/05/18,Rajasthan Royals,Kings XI Punjab,Rajasthan Royals,bat,Rajasthan Royals,15,0
7934,2018,Kolkata,09/05/18,Mumbai Indians,Kolkata Knight Riders,Kolkata Knight Riders,field,Mumbai Indians,102,0
7935,2018,Delhi,10/05/18,Delhi Daredevils,Sunrisers Hyderabad,Delhi Daredevils,bat,Sunrisers Hyderabad,0,9
7936,2018,Jaipur,11/05/18,Chennai Super Kings,Rajasthan Royals,Chennai Super Kings,bat,Rajasthan Royals,0,4
7937,2018,Indore,12/05/18,Kolkata Knight Riders,Kings XI Punjab,Kings XI Punjab,field,Kolkata Knight Riders,31,0
7938,2018,Delhi,12/05/18,Delhi Daredevils,Royal Challengers Bangalore,Royal Challengers Bangalore,field,Royal Challengers Bangalore,0,5
7939,2018,Pune,13/05/18,Sunrisers Hyderabad,Chennai Super Kings,Chennai Super Kings,field,Chennai Super Kings,0,8
7940,2018,Mumbai,13/05/18,Mumbai Indians,Rajasthan Royals,Rajasthan Royals,field,Rajasthan Royals,0,7
7941,2018,Indore,14/05/18,Kings XI Punjab,Royal Challengers Bangalore,Royal Challengers Bangalore,field,Royal Challengers Bangalore,0,10
7942,2018,Kolkata,15/05/18,Rajasthan Royals,Kolkata Knight Riders,Kolkata Knight Riders,field,Kolkata Knight Riders,0,6
7943,2018,Mumbai,16/05/18,Mumbai Indians,Kings XI Punjab,Kings XI Punjab,field,Mumbai Indians,3,0
7944,2018,Bengaluru,17/05/18,Royal Challengers Bangalore,Sunrisers Hyderabad,Sunrisers Hyderabad,field,Royal Challengers Bangalore,14,0
7945,2018,Delhi,18/05/18,Delhi Daredevils,Chennai Super Kings,Chennai Super Kings,field,Delhi Daredevils,34,0
7946,2018,Jaipur,19/05/18,Rajasthan Royals,Royal Challengers Bangalore,Rajasthan Royals,bat,Rajasthan Royals,30,0
7947,2018,Hyderabad,19/05/18,Sunrisers Hyderabad,Kolkata Knight Riders,Sunrisers Hyderabad,bat,Kolkata Knight Riders,0,5
7948,2018,Delhi,20/05/18,Delhi Daredevils,Mumbai Indians,Delhi Daredevils,bat,Delhi Daredevils,11,0
7949,2018,Pune,20/05/18,Kings XI Punjab,Chennai Super Kings,Chennai Super Kings,field,Chennai Super Kings,0,5
7950,2018,Mumbai,22/05/18,Sunrisers Hyderabad,Chennai Super Kings,Chennai Super Kings,field,Chennai Super Kings,0,2
7951,2018,Kolkata,23/05/18,Kolkata Knight Riders,Rajasthan Royals,Rajasthan Royals,field,Kolkata Knight Riders,25,0
7952,2018,Kolkata,25/05/18,Sunrisers Hyderabad,Kolkata Knight Riders,Kolkata Knight Riders,field,Sunrisers Hyderabad,14,0
7953,2018,Mumbai,27/05/18,Sunrisers Hyderabad,Chennai Super Kings,Chennai Super Kings,field,Chennai Super Kings,0,8
11137,2019,Chennai,23/03/19,Royal Challengers Bangalore,Chennai Super Kings,Chennai Super Kings,field,Chennai Super Kings,0,7
11138,2019,Kolkata,24/03/19,Sunrisers Hyderabad,Kolkata Knight Riders,Kolkata Knight Riders,field,Kolkata Knight Riders,0,6
11139,2019,Mumbai,24/03/19,Delhi Capitals,Mumbai Indians,Mumbai Indians,field,Delhi Capitals,37,0
11140,2019,Jaipur,25/03/19,Kings XI Punjab,Rajasthan Royals,Rajasthan Royals,field,Kings XI Punjab,14,0
11141,2019,Delhi,26/03/19,Delhi Capitals,Chennai Super Kings,Delhi Capitals,bat,Chennai Super Kings,0,6
11142,2019,Kolkata,27/03/19,Kolkata Knight Riders,Kings XI Punjab,Kings XI Punjab,field,Kolkata Knight Riders,28,0
11143,2019,Bengaluru,28/03/19,Mumbai Indians,Royal Challengers Bangalore,Royal Challengers Bangalore,field,Mumbai Indians,6,0
11144,2019,Hyderabad,29/03/19,Rajasthan Royals,Sunrisers Hyderabad,Rajasthan Royals,bat,Sunrisers Hyderabad,0,5
11145,2019,Mohali,30/03/19,Mumbai Indians,Kings XI Punjab,Kings XI Punjab,field,Kings XI Punjab,0,8
11146,2019,Delhi,30/03/19,Kolkata Knight Riders,Delhi Capitals,Delhi Capitals,field,Delhi Capitals,0,0
11147,2019,Hyderabad,31/03/19,Sunrisers Hyderabad,Royal Challengers Bangalore,Royal Challengers Bangalore,field,Sunrisers Hyderabad,118,0
11148,2019,Chennai,31/03/19,Chennai Super Kings,Rajasthan Royals,Rajasthan Royals,field,Chennai Super Kings,8,0
11149,2019,Mohali,01/04/19,Kings XI Punjab,Delhi Capitals,Delhi Capitals,field,Kings XI Punjab,14,0
11150,2019,Jaipur,02/04/19,Royal Challengers Bangalore,Rajasthan Royals,Rajasthan Royals,field,Rajasthan Royals,0,7
11151,2019,Mumbai,03/04/19,Mumbai Indians,Chennai Super Kings,Chennai Super Kings,field,Mumbai Indians,37,0
11152,2019,Delhi,04/04/19,Delhi Capitals,Sunrisers Hyderabad,Sunrisers Hyderabad,field,Sunrisers Hyderabad,0,5
11153,2019,Bengaluru,05/04/19,Royal Challengers Bangalore,Kolkata Knight Riders,Kolkata Knight Riders,field,Kolkata Knight Riders,0,5
11309,2019,Chennai,06/04/19,Chennai Super Kings,Kings XI Punjab,Chennai Super Kings,bat,Chennai Super Kings,22,0
11310,2019,Hyderabad,06/04/19,Mumbai Indians,Sunrisers Hyderabad,Sunrisers Hyderabad,field,Mumbai Indians,40,0
11311,2019,Bengaluru,07/04/19,Royal Challengers Bangalore,Delhi Capitals,Delhi Capitals,field,Delhi Capitals,0,4
11312,2019,Jaipur,07/04/19,Rajasthan Royals,Kolkata Knight Riders,Kolkata Knight Riders,field,Kolkata Knight Riders,0,8
11313,2019,Mohali,08/04/19,Sunrisers Hyderabad,Kings XI Punjab,Kings XI Punjab,field,Kings XI Punjab,0,6
11314,2019,Chennai,09/04/19,Kolkata Knight Riders,Chennai Super Kings,Chennai Super Kings,field,Chennai Super Kings,0,7
11315,2019,Mumbai,10/04/19,Kings XI Punjab,Mumbai Indians,Mumbai Indians,field,Mumbai Indians,0,3
11316,2019,Jaipur,11/04/19,Rajasthan Royals,Chennai Super Kings,Chennai Super Kings,field,Chennai Super Kings,0,4
11317,2019,Kolkata,12/04/19,Kolkata Knight Riders,Delhi Capitals,Delhi Capitals,field,Delhi Capitals,0,7
11318,2019,Mumbai,13/04/19,Mumbai Indians,Rajasthan Royals,Rajasthan Royals,field,Rajasthan Royals,0,4
11319,2019,Mohali,13/04/19,Kings XI Punjab,Royal Challengers Bangalore,Royal Challengers Bangalore,field,Royal Challengers Bangalore,0,8
11320,2019,Kolkata,14/04/19,Kolkata Knight Riders,Chennai Super Kings,Chennai Super Kings,field,Chennai Super Kings,0,5
11321,2019,Hyderabad,14/04/19,Delhi Capitals,Sunrisers Hyderabad,Sunrisers Hyderabad,field,Delhi Capitals,39,0
11322,2019,Mumbai,15/04/19,Royal Challengers Bangalore,Mumbai Indians,Mumbai Indians,field,Mumbai Indians,0,5
11323,2019,Mohali,16/04/19,Kings XI Punjab,Rajasthan Royals,Rajasthan Royals,field,Kings XI Punjab,12,0
11324,2019,Hyderabad,17/04/19,Chennai Super Kings,Sunrisers Hyderabad,Chennai Super Kings,bat,Sunrisers Hyderabad,0,6
11325,2019,Delhi,18/04/19,Mumbai Indians,Delhi Capitals,Mumbai Indians,bat,Mumbai Indians,40,0
11326,2019,Kolkata,19/04/19,Royal Challengers Bangalore,Kolkata Knight Riders,Kolkata Knight Riders,field,Royal Challengers Bangalore,10,0
11327,2019,Jaipur,20/04/19,Mumbai Indians,Rajasthan Royals,Rajasthan Royals,field,Rajasthan Royals,0,5
11328,2019,Delhi,20/04/19,Kings XI Punjab,Delhi Capitals,Delhi Capitals,field,Delhi Capitals,0,5
11329,2019,Hyderabad,21/04/19,Kolkata Knight Riders,Sunrisers Hyderabad,Sunrisers Hyderabad,field,Sunrisers Hyderabad,0,9
11330,2019,Bengaluru,21/04/19,Royal Challengers Bangalore,Chennai Super Kings,Chennai Super Kings,field,Royal Challengers Bangalore,1,0
11331,2019,Jaipur,22/04/19,Rajasthan Royals,Delhi Capitals,Delhi Capitals,field,Delhi Capitals,0,6
11332,2019,Chennai,23/04/19,Sunrisers Hyderabad,Chennai Super Kings,Chennai Super Kings,field,Chennai Super Kings,0,6
11333,2019,Bengaluru,24/04/19,Royal Challengers Bangalore,Kings XI Punjab,Kings XI Punjab,field,Royal Challengers Bangalore,17,0
11334,2019,Kolkata,25/04/19,Kolkata Knight Riders,Rajasthan Royals,Rajasthan Royals,field,Rajasthan Royals,0,3
11335,2019,Chennai,26/04/19,Mumbai Indians,Chennai Super Kings,Chennai Super Kings,field,Mumbai Indians,46,0
11336,2019,Jaipur,27/04/19,Sunrisers Hyderabad,Rajasthan Royals,Rajasthan Royals,field,Rajasthan Royals,0,7
11337,2019,Delhi,28/04/19,Delhi Capitals,Royal Challengers Bangalore,Delhi Capitals,bat,Delhi Capitals,16,0
11338,2019,Kolkata,28/04/19,Kolkata Knight Riders,Mumbai Indians,Mumbai Indians,field,Kolkata Knight Riders,34,0
11339,2019,Hyderabad,29/04/19,Sunrisers Hyderabad,Kings XI Punjab,Kings XI Punjab,field,Sunrisers Hyderabad,45,0
11340,2019,Bengaluru,30/04/19,Royal Challengers Bangalore,Rajasthan Royals,Rajasthan Royals,field,,0,0
11341,2019,Chennai,01/05/19,Chennai Super Kings,Delhi Capitals,Delhi Capitals,field,Chennai Super Kings,80,0
11342,2019,Mumbai,02/05/19,Mumbai Indians,Sunrisers Hyderabad,Mumbai Indians,bat,Mumbai Indians,0,0
11343,2019,Mohali,03/05/19,Kings XI Punjab,Kolkata Knight Riders,Kolkata Knight Riders,field,Kolkata Knight Riders,0,7
11344,2019,Delhi,04/05/19,Rajasthan Royals,Delhi Capitals,Rajasthan Royals,bat,Delhi Capitals,0,5
11345,2019,Bengaluru,04/05/19,Sunrisers Hyderabad,Royal Challengers Bangalore,Royal Challengers Bangalore,field,Royal Challengers Bangalore,0,4
11346,2019,Mohali,05/05/19,Chennai Super Kings,Kings XI Punjab,Kings XI Punjab,field,Kings XI Punjab,0,6
11347,2019,Mumbai,05/05/19,Kolkata Knight Riders,Mumbai Indians,Mumbai Indians,field,Mumbai Indians,0,9
11412,2019,Chennai,07/05/19,Chennai Super Kings,Mumbai Indians,Chennai Super Kings,bat,Mumbai Indians,0,6
11413,2019,Visakhapatnam,08/05/19,Sunrisers Hyderabad,Delhi Capitals,Delhi Capitals,field,Delhi Capitals,0,2
11414,2019,Visakhapatnam,10/05/19,Delhi Capitals,Chennai Super Kings,Chennai Super Kings,field,Chennai Super Kings,0,6
11415,2019,Hyderabad,12/05/19,Mumbai Indians,Chennai Super Kings,Mumbai Indians,bat,Mumbai Indians,1,0